{
  "project_info": {
    "project_number": "475562981340",
    "firebase_url": "https://emozi-5d4f5.firebaseio.com",
    "project_id": "emozi-5d4f5",
    "storage_bucket": "emozi-5d4f5.appspot.com"
  },
  "client": [
    {
      "client_info": {
        "mobilesdk_app_id": "1:475562981340:android:548cc39ed4319f383ac119",
        "android_client_info": {
          "package_name": "com.emozi.app"
        }
      },
      "oauth_client": [
        {
          "client_id": "475562981340-ig9aht93ic1iegf0i28q63rr72m5omdv.apps.googleusercontent.com",
          "client_type": 1,
          "android_info": {
            "package_name": "com.emozi.app",
            "certificate_hash": "078c0d83833f89a2719dc9bb68dd54278548c635"
          }
        },
        {
          "client_id": "475562981340-icocbuj9oh652lspocufkeou3i29o4og.apps.googleusercontent.com",
          "client_type": 1,
          "android_info": {
            "package_name": "com.emozi.app",
            "certificate_hash": "1555015e3b8ae4fede8c4ef32dabd9eb235142f8"
          }
        },
        {
          "client_id": "475562981340-54o1a2iaftl7ke1k4p396qespcp80kga.apps.googleusercontent.com",
          "client_type": 3
        }
      ],
      "api_key": [
        {
          "current_key": "AIzaSyBiedTavC84YYJAqXg59WPRuuF4Ov5P3GQ"
        }
      ],
      "services": {
        "appinvite_service": {
          "other_platform_oauth_client": [
            {
              "client_id": "475562981340-54o1a2iaftl7ke1k4p396qespcp80kga.apps.googleusercontent.com",
              "client_type": 3
            },
            {
              "client_id": "475562981340-qfn55ndhnp5kdhurkjv9574fa4ccbvt7.apps.googleusercontent.com",
              "client_type": 2,
              "ios_info": {
                "bundle_id": "com.emozi.partner"
              }
            }
          ]
        }
      }
    },
    {
      "client_info": {
        "mobilesdk_app_id": "1:475562981340:android:35cce9992027aa6c3ac119",
        "android_client_info": {
          "package_name": "com.emozi.provider"
        }
      },
      "oauth_client": [
        {
          "client_id": "475562981340-58qsblab5i3r2vpbj8q9il966s68sp33.apps.googleusercontent.com",
          "client_type": 1,
          "android_info": {
            "package_name": "com.emozi.provider",
            "certificate_hash": "078c0d83833f89a2719dc9bb68dd54278548c635"
          }
        },
        {
          "client_id": "475562981340-vgrinik1psfr0gbs0kjjrfkm4fdin45n.apps.googleusercontent.com",
          "client_type": 1,
          "android_info": {
            "package_name": "com.emozi.provider",
            "certificate_hash": "48e76a94ba03f043c300573e3ccdb61c4bd25de8"
          }
        },
        {
          "client_id": "475562981340-djqu7bbm2vedqr6t8vidcbupitga8epj.apps.googleusercontent.com",
          "client_type": 1,
          "android_info": {
            "package_name": "com.emozi.provider",
            "certificate_hash": "9ea2af831fc803856e63bb15684acc76fb1cae8d"
          }
        },
        {
          "client_id": "475562981340-54o1a2iaftl7ke1k4p396qespcp80kga.apps.googleusercontent.com",
          "client_type": 3
        }
      ],
      "api_key": [
        {
          "current_key": "AIzaSyBiedTavC84YYJAqXg59WPRuuF4Ov5P3GQ"
        }
      ],
      "services": {
        "appinvite_service": {
          "other_platform_oauth_client": [
            {
              "client_id": "475562981340-54o1a2iaftl7ke1k4p396qespcp80kga.apps.googleusercontent.com",
              "client_type": 3
            },
            {
              "client_id": "475562981340-qfn55ndhnp5kdhurkjv9574fa4ccbvt7.apps.googleusercontent.com",
              "client_type": 2,
              "ios_info": {
                "bundle_id": "com.emozi.partner"
              }
            }
          ]
        }
      }
    },
    {
      "client_info": {
        "mobilesdk_app_id": "1:475562981340:android:58d38855bc3fcc8c3ac119",
        "android_client_info": {
          "package_name": "com.emozi.shop"
        }
      },
      "oauth_client": [
        {
          "client_id": "475562981340-8ep95ddprt0e443245bsp5ap7mtp9494.apps.googleusercontent.com",
          "client_type": 1,
          "android_info": {
            "package_name": "com.emozi.shop",
            "certificate_hash": "078c0d83833f89a2719dc9bb68dd54278548c635"
          }
        },
        {
          "client_id": "475562981340-54o1a2iaftl7ke1k4p396qespcp80kga.apps.googleusercontent.com",
          "client_type": 3
        }
      ],
      "api_key": [
        {
          "current_key": "AIzaSyBiedTavC84YYJAqXg59WPRuuF4Ov5P3GQ"
        }
      ],
      "services": {
        "appinvite_service": {
          "other_platform_oauth_client": [
            {
              "client_id": "475562981340-54o1a2iaftl7ke1k4p396qespcp80kga.apps.googleusercontent.com",
              "client_type": 3
            },
            {
              "client_id": "475562981340-qfn55ndhnp5kdhurkjv9574fa4ccbvt7.apps.googleusercontent.com",
              "client_type": 2,
              "ios_info": {
                "bundle_id": "com.emozi.partner"
              }
            }
          ]
        }
      }
    }
  ],
  "configuration_version": "1"
}