{"v":"5.1.18","fr":30,"ip":0,"op":101,"w":512,"h":512,"nm":"Loader_Color","ddd":0,"assets":[],"layers":[{"ddd":0,"ind":1,"ty":4,"nm":"Driver Outlines","sr":1,"ks":{"o":{"a":0,"k":100,"ix":11},"r":{"a":0,"k":0,"ix":10},"p":{"a":0,"k":[256,256,0],"ix":2},"a":{"a":0,"k":[32,32,0],"ix":1},"s":{"a":1,"k":[{"i":{"x":[0.833,0.833,0.833],"y":[0.833,0.833,0.833]},"o":{"x":[0.167,0.167,0.167],"y":[0.167,0.167,0.167]},"n":["0p833_0p833_0p167_0p167","0p833_0p833_0p167_0p167","0p833_0p833_0p167_0p167"],"t":0,"s":[0,0,100],"e":[406,406,100]},{"t":13}],"ix":6}},"ao":0,"shapes":[{"ty":"gr","it":[{"ind":0,"ty":"sh","ix":1,"ks":{"a":0,"k":{"i":[[0,-0.751],[0.75,0],[0,0.751],[-0.751,0]],"o":[[0,0.751],[-0.751,0],[0,-0.751],[0.75,0]],"v":[[1.359,0],[0.001,1.359],[-1.359,0],[0.001,-1.359]],"c":true},"ix":2},"nm":"Path 1","mn":"ADBE Vector Shape - Group","hd":false},{"ty":"fl","c":{"a":0,"k":[1,1,1,1],"ix":4},"o":{"a":0,"k":100,"ix":5},"r":1,"nm":"Fill 1","mn":"ADBE Vector Graphic - Fill","hd":false},{"ty":"tr","p":{"a":0,"k":[37.821,21.672],"ix":2},"a":{"a":0,"k":[0,0],"ix":1},"s":{"a":0,"k":[100,100],"ix":3},"r":{"a":0,"k":0,"ix":6},"o":{"a":0,"k":100,"ix":7},"sk":{"a":0,"k":0,"ix":4},"sa":{"a":0,"k":0,"ix":5},"nm":"Transform"}],"nm":"Group 1","np":2,"cix":2,"ix":1,"mn":"ADBE Vector Group","hd":false},{"ty":"gr","it":[{"ind":0,"ty":"sh","ix":1,"ks":{"a":0,"k":{"i":[[0,-0.751],[0.751,0],[0,0.751],[-0.751,0]],"o":[[0,0.751],[-0.751,0],[0,-0.751],[0.751,0]],"v":[[1.359,0],[0.001,1.359],[-1.359,0],[0.001,-1.359]],"c":true},"ix":2},"nm":"Path 1","mn":"ADBE Vector Shape - Group","hd":false},{"ty":"fl","c":{"a":0,"k":[1,1,1,1],"ix":4},"o":{"a":0,"k":100,"ix":5},"r":1,"nm":"Fill 1","mn":"ADBE Vector Graphic - Fill","hd":false},{"ty":"tr","p":{"a":0,"k":[27.297,21.672],"ix":2},"a":{"a":0,"k":[0,0],"ix":1},"s":{"a":0,"k":[100,100],"ix":3},"r":{"a":0,"k":0,"ix":6},"o":{"a":0,"k":100,"ix":7},"sk":{"a":0,"k":0,"ix":4},"sa":{"a":0,"k":0,"ix":5},"nm":"Transform"}],"nm":"Group 2","np":2,"cix":2,"ix":2,"mn":"ADBE Vector Group","hd":false},{"ty":"gr","it":[{"ind":0,"ty":"sh","ix":1,"ks":{"a":0,"k":{"i":[[0.354,-0.032],[0.345,-0.527],[0,0],[-0.466,-0.296],[-0.304,0.445],[0,0],[0,0],[-3.184,-0.005],[0,0],[0,0.552],[0.552,0],[0,0],[2.593,1.259],[0,0]],"o":[[-0.59,0.054],[0,0],[-0.296,0.466],[0.455,0.289],[0,0],[0,0],[2.864,1.39],[0,0],[0.552,0],[0,-0.552],[0,0],[-2.883,-0.004],[0,0],[-0.34,-0.165]],"v":[[-5.55,-2.481],[-7.042,-1.586],[-8.642,0.843],[-8.333,2.224],[-6.972,1.945],[-5.372,-0.487],[-3.802,0.275],[5.388,2.394],[7.938,2.394],[8.938,1.394],[7.938,0.394],[5.388,0.394],[-2.933,-1.526],[-4.491,-2.286]],"c":true},"ix":2},"nm":"Path 1","mn":"ADBE Vector Shape - Group","hd":false},{"ty":"fl","c":{"a":0,"k":[1,1,1,1],"ix":4},"o":{"a":0,"k":100,"ix":5},"r":1,"nm":"Fill 1","mn":"ADBE Vector Graphic - Fill","hd":false},{"ty":"tr","p":{"a":0,"k":[31.722,13.606],"ix":2},"a":{"a":0,"k":[0,0],"ix":1},"s":{"a":0,"k":[100,100],"ix":3},"r":{"a":0,"k":0,"ix":6},"o":{"a":0,"k":100,"ix":7},"sk":{"a":0,"k":0,"ix":4},"sa":{"a":0,"k":0,"ix":5},"nm":"Transform"}],"nm":"Group 3","np":2,"cix":2,"ix":3,"mn":"ADBE Vector Group","hd":false},{"ty":"gr","it":[{"ind":0,"ty":"sh","ix":1,"ks":{"a":0,"k":{"i":[[0.553,0],[0,-0.552],[0,0],[-0.553,0],[0,0.552],[0,0]],"o":[[-0.553,0],[0,0],[0,0.552],[0.553,0],[0,0],[0,-0.552]],"v":[[0,-2],[-1,-1],[-1,1],[0,2],[1,1],[1,-1]],"c":true},"ix":2},"nm":"Path 1","mn":"ADBE Vector Shape - Group","hd":false},{"ty":"fl","c":{"a":0,"k":[1,1,1,1],"ix":4},"o":{"a":0,"k":100,"ix":5},"r":1,"nm":"Fill 1","mn":"ADBE Vector Graphic - Fill","hd":false},{"ty":"tr","p":{"a":0,"k":[57,56],"ix":2},"a":{"a":0,"k":[0,0],"ix":1},"s":{"a":0,"k":[100,100],"ix":3},"r":{"a":0,"k":0,"ix":6},"o":{"a":0,"k":100,"ix":7},"sk":{"a":0,"k":0,"ix":4},"sa":{"a":0,"k":0,"ix":5},"nm":"Transform"}],"nm":"Group 4","np":2,"cix":2,"ix":4,"mn":"ADBE Vector Group","hd":false},{"ty":"gr","it":[{"ind":0,"ty":"sh","ix":1,"ks":{"a":0,"k":{"i":[[0.553,0],[0,-0.552],[0,0],[-0.553,0],[0,0.552],[0,0]],"o":[[-0.553,0],[0,0],[0,0.552],[0.553,0],[0,0],[0,-0.552]],"v":[[0,-2],[-1,-1],[-1,1],[0,2],[1,1],[1,-1]],"c":true},"ix":2},"nm":"Path 1","mn":"ADBE Vector Shape - Group","hd":false},{"ty":"fl","c":{"a":0,"k":[1,1,1,1],"ix":4},"o":{"a":0,"k":100,"ix":5},"r":1,"nm":"Fill 1","mn":"ADBE Vector Graphic - Fill","hd":false},{"ty":"tr","p":{"a":0,"k":[52,56],"ix":2},"a":{"a":0,"k":[0,0],"ix":1},"s":{"a":0,"k":[100,100],"ix":3},"r":{"a":0,"k":0,"ix":6},"o":{"a":0,"k":100,"ix":7},"sk":{"a":0,"k":0,"ix":4},"sa":{"a":0,"k":0,"ix":5},"nm":"Transform"}],"nm":"Group 5","np":2,"cix":2,"ix":5,"mn":"ADBE Vector Group","hd":false},{"ty":"gr","it":[{"ind":0,"ty":"sh","ix":1,"ks":{"a":0,"k":{"i":[[0.553,0],[0,-0.552],[0,0],[-0.553,0],[0,0.552],[0,0]],"o":[[-0.553,0],[0,0],[0,0.552],[0.553,0],[0,0],[0,-0.552]],"v":[[0,-2],[-1,-1],[-1,1],[0,2],[1,1],[1,-1]],"c":true},"ix":2},"nm":"Path 1","mn":"ADBE Vector Shape - Group","hd":false},{"ty":"fl","c":{"a":0,"k":[1,1,1,1],"ix":4},"o":{"a":0,"k":100,"ix":5},"r":1,"nm":"Fill 1","mn":"ADBE Vector Graphic - Fill","hd":false},{"ty":"tr","p":{"a":0,"k":[12,56],"ix":2},"a":{"a":0,"k":[0,0],"ix":1},"s":{"a":0,"k":[100,100],"ix":3},"r":{"a":0,"k":0,"ix":6},"o":{"a":0,"k":100,"ix":7},"sk":{"a":0,"k":0,"ix":4},"sa":{"a":0,"k":0,"ix":5},"nm":"Transform"}],"nm":"Group 6","np":2,"cix":2,"ix":6,"mn":"ADBE Vector Group","hd":false},{"ty":"gr","it":[{"ind":0,"ty":"sh","ix":1,"ks":{"a":0,"k":{"i":[[0.553,0],[0,-0.552],[0,0],[-0.553,0],[0,0.552],[0,0]],"o":[[-0.553,0],[0,0],[0,0.552],[0.553,0],[0,0],[0,-0.552]],"v":[[0,-2],[-1,-1],[-1,1],[0,2],[1,1],[1,-1]],"c":true},"ix":2},"nm":"Path 1","mn":"ADBE Vector Shape - Group","hd":false},{"ty":"fl","c":{"a":0,"k":[1,1,1,1],"ix":4},"o":{"a":0,"k":100,"ix":5},"r":1,"nm":"Fill 1","mn":"ADBE Vector Graphic - Fill","hd":false},{"ty":"tr","p":{"a":0,"k":[7,56],"ix":2},"a":{"a":0,"k":[0,0],"ix":1},"s":{"a":0,"k":[100,100],"ix":3},"r":{"a":0,"k":0,"ix":6},"o":{"a":0,"k":100,"ix":7},"sk":{"a":0,"k":0,"ix":4},"sa":{"a":0,"k":0,"ix":5},"nm":"Transform"}],"nm":"Group 7","np":2,"cix":2,"ix":7,"mn":"ADBE Vector Group","hd":false},{"ty":"gr","it":[{"ind":0,"ty":"sh","ix":1,"ks":{"a":0,"k":{"i":[[-1.544,1.852],[0,0],[0.104,-0.403],[0,0]],"o":[[0,0],[-0.207,0.351],[0,0],[0.23,-2.535]],"v":[[-1.394,-3.35],[4.173,2.217],[3.705,3.35],[-4.173,3.35]],"c":true},"ix":2},"nm":"Path 1","mn":"ADBE Vector Shape - Group","hd":false},{"ty":"st","c":{"a":0,"k":[1,1,1,1],"ix":3},"o":{"a":0,"k":100,"ix":4},"w":{"a":0,"k":1,"ix":5},"lc":1,"lj":1,"ml":10,"nm":"Stroke 1","mn":"ADBE Vector Graphic - Stroke","hd":false},{"ty":"tr","p":{"a":0,"k":[24.011,57.426],"ix":2},"a":{"a":0,"k":[0,0],"ix":1},"s":{"a":0,"k":[100,100],"ix":3},"r":{"a":0,"k":0,"ix":6},"o":{"a":0,"k":100,"ix":7},"sk":{"a":0,"k":0,"ix":4},"sa":{"a":0,"k":0,"ix":5},"nm":"Transform"}],"nm":"Group 8","np":2,"cix":2,"ix":8,"mn":"ADBE Vector Group","hd":false},{"ty":"gr","it":[{"ind":0,"ty":"sh","ix":1,"ks":{"a":0,"k":{"i":[[0,0],[-0.229,-2.535],[0,0],[0.206,0.352]],"o":[[1.545,1.852],[0,0],[-0.104,-0.403],[0,0]],"v":[[1.395,-3.35],[4.174,3.351],[-3.704,3.351],[-4.174,2.217]],"c":true},"ix":2},"nm":"Path 1","mn":"ADBE Vector Shape - Group","hd":false},{"ty":"st","c":{"a":0,"k":[1,1,1,1],"ix":3},"o":{"a":0,"k":100,"ix":4},"w":{"a":0,"k":1,"ix":5},"lc":1,"lj":1,"ml":10,"nm":"Stroke 1","mn":"ADBE Vector Graphic - Stroke","hd":false},{"ty":"tr","p":{"a":0,"k":[39.988,57.425],"ix":2},"a":{"a":0,"k":[0,0],"ix":1},"s":{"a":0,"k":[100,100],"ix":3},"r":{"a":0,"k":0,"ix":6},"o":{"a":0,"k":100,"ix":7},"sk":{"a":0,"k":0,"ix":4},"sa":{"a":0,"k":0,"ix":5},"nm":"Transform"}],"nm":"Group 9","np":2,"cix":2,"ix":9,"mn":"ADBE Vector Group","hd":false},{"ty":"gr","it":[{"ind":0,"ty":"sh","ix":1,"ks":{"a":0,"k":{"i":[[0,0],[-1.852,-1.545],[0,0],[0.405,0.104]],"o":[[2.536,0.23],[0,0],[-0.351,-0.207],[0,0]],"v":[[-3.351,-4.174],[3.351,-1.396],[-2.216,4.174],[-3.351,3.704]],"c":true},"ix":2},"nm":"Path 1","mn":"ADBE Vector Shape - Group","hd":false},{"ty":"st","c":{"a":0,"k":[1,1,1,1],"ix":3},"o":{"a":0,"k":100,"ix":4},"w":{"a":0,"k":1,"ix":5},"lc":1,"lj":1,"ml":10,"nm":"Stroke 1","mn":"ADBE Vector Graphic - Stroke","hd":false},{"ty":"tr","p":{"a":0,"k":[36.461,53.898],"ix":2},"a":{"a":0,"k":[0,0],"ix":1},"s":{"a":0,"k":[100,100],"ix":3},"r":{"a":0,"k":0,"ix":6},"o":{"a":0,"k":100,"ix":7},"sk":{"a":0,"k":0,"ix":4},"sa":{"a":0,"k":0,"ix":5},"nm":"Transform"}],"nm":"Group 10","np":2,"cix":2,"ix":10,"mn":"ADBE Vector Group","hd":false},{"ty":"gr","it":[{"ind":0,"ty":"sh","ix":1,"ks":{"a":0,"k":{"i":[[-2.536,0.23],[0,0],[0.35,-0.207],[0,0]],"o":[[0,0],[-0.404,0.104],[0,0],[1.852,-1.545]],"v":[[3.351,-4.174],[3.351,3.704],[2.219,4.174],[-3.351,-1.396]],"c":true},"ix":2},"nm":"Path 1","mn":"ADBE Vector Shape - Group","hd":false},{"ty":"st","c":{"a":0,"k":[1,1,1,1],"ix":3},"o":{"a":0,"k":100,"ix":4},"w":{"a":0,"k":1,"ix":5},"lc":1,"lj":1,"ml":10,"nm":"Stroke 1","mn":"ADBE Vector Graphic - Stroke","hd":false},{"ty":"tr","p":{"a":0,"k":[27.538,53.898],"ix":2},"a":{"a":0,"k":[0,0],"ix":1},"s":{"a":0,"k":[100,100],"ix":3},"r":{"a":0,"k":0,"ix":6},"o":{"a":0,"k":100,"ix":7},"sk":{"a":0,"k":0,"ix":4},"sa":{"a":0,"k":0,"ix":5},"nm":"Transform"}],"nm":"Group 11","np":2,"cix":2,"ix":11,"mn":"ADBE Vector Group","hd":false},{"ty":"gr","it":[{"ind":0,"ty":"sh","ix":1,"ks":{"a":0,"k":{"i":[[-8.814,0],[-0.574,-8.671],[0,0],[7.588,0],[0.571,-7.444],[0,0]],"o":[[8.814,0],[0,0],[-0.571,-7.444],[-7.587,0],[0,0],[0.574,-8.671]],"v":[[0,-7.775],[16.625,7.775],[14.384,7.775],[0,-5.553],[-14.384,7.775],[-16.625,7.775]],"c":true},"ix":2},"nm":"Path 1","mn":"ADBE Vector Shape - Group","hd":false},{"ty":"st","c":{"a":0,"k":[1,1,1,1],"ix":3},"o":{"a":0,"k":100,"ix":4},"w":{"a":0,"k":1,"ix":5},"lc":1,"lj":1,"ml":10,"nm":"Stroke 1","mn":"ADBE Vector Graphic - Stroke","hd":false},{"ty":"tr","p":{"a":0,"k":[32,53],"ix":2},"a":{"a":0,"k":[0,0],"ix":1},"s":{"a":0,"k":[100,100],"ix":3},"r":{"a":0,"k":0,"ix":6},"o":{"a":0,"k":100,"ix":7},"sk":{"a":0,"k":0,"ix":4},"sa":{"a":0,"k":0,"ix":5},"nm":"Transform"}],"nm":"Group 12","np":2,"cix":2,"ix":12,"mn":"ADBE Vector Group","hd":false},{"ty":"gr","it":[{"ind":0,"ty":"sh","ix":1,"ks":{"a":0,"k":{"i":[[0,0],[2.218,-1.299],[0.42,-4.14],[-0.271,-1.854],[-0.006,-0.335],[0.06,-0.187],[0.144,-0.036],[-0.74,-2.759],[-1.221,-0.5],[-1.07,-1.642],[0,0],[-0.08,-0.127],[0,0],[0,0],[0,-4.227],[0,0],[-1.654,0],[0,0],[0,0],[0,0],[0,1.654],[0,0],[3.841,1.82],[0,0],[0,0],[-0.614,1.856],[-0.53,2],[1.6,0.45],[0.144,0.003],[0.44,1.107],[0,0],[-0.443,-0.182],[-0.212,0.51],[0.044,0.201],[7.56,0]],"o":[[-2.57,0.011],[-3.689,0.14],[-0.185,1.866],[0.054,0.331],[0,0.187],[-0.148,0.003],[-1.649,0.44],[0.54,2],[0.623,1.858],[0,0],[0.053,0.107],[0,0],[0,0],[-3.822,1.81],[0,0],[0,1.654],[0,0],[0,0],[0,0],[1.654,0],[0,0],[0,-4.227],[0,0],[0.089,-0.131],[1.059,-1.643],[1.23,-0.459],[0.74,-2.75],[-0.14,-0.036],[-0.172,-1.18],[0,0],[0.473,0.057],[0.509,0.212],[0.079,-0.19],[-1.67,-7.319],[0,0]],"v":[[0,-29],[-7.311,-27],[-14,-20.1],[-13.869,-14.5],[-13.779,-13.5],[-13.869,-12.939],[-14.311,-12.881],[-15.91,-7.27],[-13.029,-3.27],[-10.48,2],[-10.482,2.002],[-10.264,2.365],[-23.689,8.379],[-23.709,8.387],[-30,18.328],[-30,26],[-27,29],[-12,29],[12,29],[27,29],[30,26],[30,18.328],[23.689,8.379],[10.24,2.355],[10.48,2],[13,-3.27],[15.881,-7.27],[14.279,-12.881],[13.85,-12.939],[12.93,-16.381],[12.93,-16.49],[14.311,-16.131],[15.617,-16.67],[15.67,-17.27],[1,-29]],"c":true},"ix":2},"nm":"Path 1","mn":"ADBE Vector Shape - Group","hd":false},{"ty":"st","c":{"a":0,"k":[1,1,1,1],"ix":3},"o":{"a":0,"k":100,"ix":4},"w":{"a":0,"k":1,"ix":5},"lc":1,"lj":1,"ml":10,"nm":"Stroke 1","mn":"ADBE Vector Graphic - Stroke","hd":false},{"ty":"tr","p":{"a":0,"k":[32,32],"ix":2},"a":{"a":0,"k":[0,0],"ix":1},"s":{"a":0,"k":[100,100],"ix":3},"r":{"a":0,"k":0,"ix":6},"o":{"a":0,"k":100,"ix":7},"sk":{"a":0,"k":0,"ix":4},"sa":{"a":0,"k":0,"ix":5},"nm":"Transform"}],"nm":"Group 13","np":2,"cix":2,"ix":13,"mn":"ADBE Vector Group","hd":false}],"ip":0,"op":25,"st":0,"bm":0},{"ddd":0,"ind":2,"ty":4,"nm":"Shape Layer 2","parent":5,"sr":1,"ks":{"o":{"a":0,"k":100,"ix":11},"r":{"a":0,"k":0,"ix":10},"p":{"a":0,"k":[0,0,0],"ix":2},"a":{"a":0,"k":[0,0,0],"ix":1},"s":{"a":0,"k":[100,100,100],"ix":6}},"ao":0,"shapes":[{"ty":"gr","it":[{"ind":0,"ty":"sh","ix":1,"ks":{"a":0,"k":{"i":[[0,0],[0,0],[0,0]],"o":[[0,0],[0,0],[0,0]],"v":[[-58.5,-20.5],[-45.75,-10.5],[-25,-33.5]],"c":false},"ix":2},"nm":"Path 1","mn":"ADBE Vector Shape - Group","hd":false},{"ty":"st","c":{"a":0,"k":[1,1,1,1],"ix":3},"o":{"a":0,"k":100,"ix":4},"w":{"a":0,"k":5,"ix":5},"lc":2,"lj":1,"ml":4,"nm":"Stroke 1","mn":"ADBE Vector Graphic - Stroke","hd":false},{"ty":"tr","p":{"a":0,"k":[0,0],"ix":2},"a":{"a":0,"k":[0,0],"ix":1},"s":{"a":0,"k":[100,100],"ix":3},"r":{"a":0,"k":0,"ix":6},"o":{"a":0,"k":100,"ix":7},"sk":{"a":0,"k":0,"ix":4},"sa":{"a":0,"k":0,"ix":5},"nm":"Transform"}],"nm":"Shape 1","np":3,"cix":2,"ix":1,"mn":"ADBE Vector Group","hd":false},{"ty":"tm","s":{"a":0,"k":0,"ix":1},"e":{"a":1,"k":[{"i":{"x":[0.833],"y":[0.833]},"o":{"x":[0.167],"y":[0.167]},"n":["0p833_0p833_0p167_0p167"],"t":35,"s":[0],"e":[100]},{"t":45}],"ix":2},"o":{"a":0,"k":0,"ix":3},"m":1,"ix":2,"nm":"Trim Paths 1","mn":"ADBE Vector Filter - Trim","hd":false}],"ip":25,"op":50,"st":0,"bm":0},{"ddd":0,"ind":3,"ty":4,"nm":"Shape Layer 1","parent":5,"sr":1,"ks":{"o":{"a":0,"k":100,"ix":11},"r":{"a":0,"k":0,"ix":10},"p":{"a":0,"k":[-41.75,-22.25,0],"ix":2},"a":{"a":0,"k":[-41.75,-22.25,0],"ix":1},"s":{"a":0,"k":[109.6,109.6,100],"ix":6}},"ao":0,"shapes":[{"ty":"gr","it":[{"d":1,"ty":"el","s":{"a":0,"k":[57.5,57.5],"ix":2},"p":{"a":0,"k":[0,0],"ix":3},"nm":"Ellipse Path 1","mn":"ADBE Vector Shape - Ellipse","hd":false},{"ty":"st","c":{"a":0,"k":[1,1,1,1],"ix":3},"o":{"a":0,"k":100,"ix":4},"w":{"a":0,"k":2.5,"ix":5},"lc":1,"lj":1,"ml":4,"nm":"Stroke 1","mn":"ADBE Vector Graphic - Stroke","hd":false},{"ty":"tr","p":{"a":0,"k":[-41.75,-22.25],"ix":2},"a":{"a":0,"k":[0,0],"ix":1},"s":{"a":0,"k":[100,100],"ix":3},"r":{"a":0,"k":0,"ix":6},"o":{"a":0,"k":100,"ix":7},"sk":{"a":0,"k":0,"ix":4},"sa":{"a":0,"k":0,"ix":5},"nm":"Transform"}],"nm":"Ellipse 1","np":3,"cix":2,"ix":1,"mn":"ADBE Vector Group","hd":false},{"ty":"tm","s":{"a":0,"k":0,"ix":1},"e":{"a":1,"k":[{"i":{"x":[0.833],"y":[0.833]},"o":{"x":[0.167],"y":[0.167]},"n":["0p833_0p833_0p167_0p167"],"t":35,"s":[0],"e":[100]},{"t":48}],"ix":2},"o":{"a":0,"k":0,"ix":3},"m":1,"ix":2,"nm":"Trim Paths 1","mn":"ADBE Vector Filter - Trim","hd":false}],"ip":25,"op":50,"st":0,"bm":0},{"ddd":0,"ind":4,"ty":4,"nm":"Truck Outlines","parent":5,"sr":1,"ks":{"o":{"a":0,"k":100,"ix":11},"r":{"a":0,"k":0,"ix":10},"p":{"a":0,"k":[0,0,0],"ix":2},"a":{"a":0,"k":[32,32,0],"ix":1},"s":{"a":0,"k":[406,406,100],"ix":6}},"ao":0,"shapes":[{"ty":"gr","it":[{"ty":"st","c":{"a":0,"k":[1,1,1,1],"ix":3},"o":{"a":0,"k":100,"ix":4},"w":{"a":0,"k":1,"ix":5},"lc":1,"lj":1,"ml":10,"nm":"Stroke 1","mn":"ADBE Vector Graphic - Stroke","hd":false},{"ty":"tr","p":{"a":0,"k":[21.792,26.118],"ix":2},"a":{"a":0,"k":[0,0],"ix":1},"s":{"a":0,"k":[100,100],"ix":3},"r":{"a":0,"k":0,"ix":6},"o":{"a":0,"k":100,"ix":7},"sk":{"a":0,"k":0,"ix":4},"sa":{"a":0,"k":0,"ix":5},"nm":"Transform"}],"nm":"Group 1","np":1,"cix":2,"ix":1,"mn":"ADBE Vector Group","hd":false},{"ty":"gr","it":[{"ind":0,"ty":"sh","ix":1,"ks":{"a":0,"k":{"i":[[0,0],[0,-0.551],[-0.551,0],[0,0],[0,0.551],[0.551,0]],"o":[[-0.551,0],[0,0.551],[0,0],[0.551,0],[0,-0.551],[0,0]],"v":[[-1,-1],[-2,0],[-1,1],[1,1],[2,0],[1,-1]],"c":true},"ix":2},"nm":"Path 1","mn":"ADBE Vector Shape - Group","hd":false},{"ty":"fl","c":{"a":0,"k":[1,1,1,1],"ix":4},"o":{"a":0,"k":100,"ix":5},"r":1,"nm":"Fill 1","mn":"ADBE Vector Graphic - Fill","hd":false},{"ty":"tr","p":{"a":0,"k":[46,37],"ix":2},"a":{"a":0,"k":[0,0],"ix":1},"s":{"a":0,"k":[100,100],"ix":3},"r":{"a":0,"k":0,"ix":6},"o":{"a":0,"k":100,"ix":7},"sk":{"a":0,"k":0,"ix":4},"sa":{"a":0,"k":0,"ix":5},"nm":"Transform"}],"nm":"Group 3","np":2,"cix":2,"ix":2,"mn":"ADBE Vector Group","hd":false},{"ty":"gr","it":[{"ind":0,"ty":"sh","ix":1,"ks":{"a":0,"k":{"i":[[1.105,0],[0,-1.105],[-1.105,0],[0,1.105]],"o":[[-1.105,0],[0,1.105],[1.105,0],[0,-1.105]],"v":[[0,-2],[-2,0],[0,2],[2,0]],"c":true},"ix":2},"nm":"Path 1","mn":"ADBE Vector Shape - Group","hd":false},{"ty":"fl","c":{"a":0,"k":[1,1,1,1],"ix":4},"o":{"a":0,"k":100,"ix":5},"r":1,"nm":"Fill 1","mn":"ADBE Vector Graphic - Fill","hd":false},{"ty":"tr","p":{"a":0,"k":[51,51],"ix":2},"a":{"a":0,"k":[0,0],"ix":1},"s":{"a":0,"k":[150,150],"ix":3},"r":{"a":0,"k":0,"ix":6},"o":{"a":0,"k":100,"ix":7},"sk":{"a":0,"k":0,"ix":4},"sa":{"a":0,"k":0,"ix":5},"nm":"Transform"}],"nm":"Group 4","np":2,"cix":2,"ix":3,"mn":"ADBE Vector Group","hd":false},{"ty":"gr","it":[{"ind":0,"ty":"sh","ix":1,"ks":{"a":0,"k":{"i":[[1.105,0],[0,-1.105],[-1.105,0],[0,1.105]],"o":[[-1.105,0],[0,1.105],[1.105,0],[0,-1.105]],"v":[[0,-2],[-2,0],[0,2],[2,0]],"c":true},"ix":2},"nm":"Path 1","mn":"ADBE Vector Shape - Group","hd":false},{"ty":"fl","c":{"a":0,"k":[1,1,1,1],"ix":4},"o":{"a":0,"k":100,"ix":5},"r":1,"nm":"Fill 1","mn":"ADBE Vector Graphic - Fill","hd":false},{"ty":"tr","p":{"a":0,"k":[15,51],"ix":2},"a":{"a":0,"k":[0,0],"ix":1},"s":{"a":0,"k":[150,150],"ix":3},"r":{"a":0,"k":0,"ix":6},"o":{"a":0,"k":100,"ix":7},"sk":{"a":0,"k":0,"ix":4},"sa":{"a":0,"k":0,"ix":5},"nm":"Transform"}],"nm":"Group 5","np":2,"cix":2,"ix":4,"mn":"ADBE Vector Group","hd":false},{"ty":"gr","it":[{"ind":0,"ty":"sh","ix":1,"ks":{"a":0,"k":{"i":[[0.551,0],[0,-0.551],[0,0],[-0.551,0],[0,0.551],[0,0]],"o":[[-0.551,0],[0,0],[0,0.551],[0.551,0],[0,0],[0,-0.551]],"v":[[0,-2],[-1,-1],[-1,1],[0,2],[1,1],[1,-1]],"c":true},"ix":2},"nm":"Path 1","mn":"ADBE Vector Shape - Group","hd":false},{"ty":"fl","c":{"a":0,"k":[1,1,1,1],"ix":4},"o":{"a":0,"k":100,"ix":5},"r":1,"nm":"Fill 1","mn":"ADBE Vector Graphic - Fill","hd":false},{"ty":"tr","p":{"a":0,"k":[59,46],"ix":2},"a":{"a":0,"k":[0,0],"ix":1},"s":{"a":0,"k":[100,100],"ix":3},"r":{"a":0,"k":0,"ix":6},"o":{"a":0,"k":100,"ix":7},"sk":{"a":0,"k":0,"ix":4},"sa":{"a":0,"k":0,"ix":5},"nm":"Transform"}],"nm":"Group 6","np":2,"cix":2,"ix":5,"mn":"ADBE Vector Group","hd":false},{"ty":"gr","it":[{"ind":0,"ty":"sh","ix":1,"ks":{"a":0,"k":{"i":[[0.551,0],[0,-0.551],[0,0],[-0.551,0],[0,0.551],[0,0]],"o":[[-0.551,0],[0,0],[0,0.551],[0.551,0],[0,0],[0,-0.551]],"v":[[0,-2],[-1,-1],[-1,1],[0,2],[1,1],[1,-1]],"c":true},"ix":2},"nm":"Path 1","mn":"ADBE Vector Shape - Group","hd":false},{"ty":"fl","c":{"a":0,"k":[1,1,1,1],"ix":4},"o":{"a":0,"k":100,"ix":5},"r":1,"nm":"Fill 1","mn":"ADBE Vector Graphic - Fill","hd":false},{"ty":"tr","p":{"a":0,"k":[39,46],"ix":2},"a":{"a":0,"k":[0,0],"ix":1},"s":{"a":0,"k":[100,100],"ix":3},"r":{"a":0,"k":0,"ix":6},"o":{"a":0,"k":100,"ix":7},"sk":{"a":0,"k":0,"ix":4},"sa":{"a":0,"k":0,"ix":5},"nm":"Transform"}],"nm":"Group 8","np":2,"cix":2,"ix":6,"mn":"ADBE Vector Group","hd":false},{"ty":"gr","it":[{"ind":0,"ty":"sh","ix":1,"ks":{"a":0,"k":{"i":[[0.551,0],[0,-0.551],[0,0],[-0.551,0],[0,0.551],[0,0]],"o":[[-0.551,0],[0,0],[0,0.551],[0.551,0],[0,0],[0,-0.551]],"v":[[0,-2],[-1,-1],[-1,1],[0,2],[1,1],[1,-1]],"c":true},"ix":2},"nm":"Path 1","mn":"ADBE Vector Shape - Group","hd":false},{"ty":"fl","c":{"a":0,"k":[1,1,1,1],"ix":4},"o":{"a":0,"k":100,"ix":5},"r":1,"nm":"Fill 1","mn":"ADBE Vector Graphic - Fill","hd":false},{"ty":"tr","p":{"a":0,"k":[33,46],"ix":2},"a":{"a":0,"k":[0,0],"ix":1},"s":{"a":0,"k":[100,100],"ix":3},"r":{"a":0,"k":0,"ix":6},"o":{"a":0,"k":100,"ix":7},"sk":{"a":0,"k":0,"ix":4},"sa":{"a":0,"k":0,"ix":5},"nm":"Transform"}],"nm":"Group 9","np":2,"cix":2,"ix":7,"mn":"ADBE Vector Group","hd":false},{"ty":"gr","it":[{"ind":0,"ty":"sh","ix":1,"ks":{"a":0,"k":{"i":[[0.551,0],[0,-0.551],[0,0],[-0.551,0],[0,0.551],[0,0]],"o":[[-0.551,0],[0,0],[0,0.551],[0.551,0],[0,0],[0,-0.551]],"v":[[0,-2],[-1,-1],[-1,1],[0,2],[1,1],[1,-1]],"c":true},"ix":2},"nm":"Path 1","mn":"ADBE Vector Shape - Group","hd":false},{"ty":"fl","c":{"a":0,"k":[1,1,1,1],"ix":4},"o":{"a":0,"k":100,"ix":5},"r":1,"nm":"Fill 1","mn":"ADBE Vector Graphic - Fill","hd":false},{"ty":"tr","p":{"a":0,"k":[27,46],"ix":2},"a":{"a":0,"k":[0,0],"ix":1},"s":{"a":0,"k":[100,100],"ix":3},"r":{"a":0,"k":0,"ix":6},"o":{"a":0,"k":100,"ix":7},"sk":{"a":0,"k":0,"ix":4},"sa":{"a":0,"k":0,"ix":5},"nm":"Transform"}],"nm":"Group 10","np":2,"cix":2,"ix":8,"mn":"ADBE Vector Group","hd":false},{"ty":"gr","it":[{"ind":0,"ty":"sh","ix":1,"ks":{"a":0,"k":{"i":[[0.551,0],[0,-0.551],[0,0],[-0.551,0],[0,0.551],[0,0]],"o":[[-0.551,0],[0,0],[0,0.551],[0.551,0],[0,0],[0,-0.551]],"v":[[0,-2],[-1,-1],[-1,1],[0,2],[1,1],[1,-1]],"c":true},"ix":2},"nm":"Path 1","mn":"ADBE Vector Shape - Group","hd":false},{"ty":"fl","c":{"a":0,"k":[1,1,1,1],"ix":4},"o":{"a":0,"k":100,"ix":5},"r":1,"nm":"Fill 1","mn":"ADBE Vector Graphic - Fill","hd":false},{"ty":"tr","p":{"a":0,"k":[7,46],"ix":2},"a":{"a":0,"k":[0,0],"ix":1},"s":{"a":0,"k":[100,100],"ix":3},"r":{"a":0,"k":0,"ix":6},"o":{"a":0,"k":100,"ix":7},"sk":{"a":0,"k":0,"ix":4},"sa":{"a":0,"k":0,"ix":5},"nm":"Transform"}],"nm":"Group 12","np":2,"cix":2,"ix":9,"mn":"ADBE Vector Group","hd":false},{"ty":"gr","it":[{"ind":0,"ty":"sh","ix":1,"ks":{"a":0,"k":{"i":[[-0.551,0],[0,0],[0,-0.551],[0,0],[0.551,0],[0,0],[3.52,0],[0.488,-3.387],[0,0],[3.52,0],[0.488,-3.387],[0,0],[0,0.551],[0,0],[0,0.551],[0,0],[0.551,0],[0,0]],"o":[[0,0],[0.551,0],[0,0],[0,0.551],[0,0],[-0.488,-3.387],[-3.52,0],[0,0],[-0.488,-3.387],[-3.52,0],[0,0],[-0.551,0],[0,0],[0.551,0],[0,0],[0,-0.551],[0,0],[0,-0.551]],"v":[[-29,10],[29,10],[30,11],[30,17],[29,18],[25.922,18],[19,12],[12.078,18],[-10.078,18],[-17,12],[-23.922,18],[-29,18],[-30,17],[-30,16],[-29,15],[-29,13],[-30,12],[-30,11]],"c":true},"ix":2},"nm":"Path 3","mn":"ADBE Vector Shape - Group","hd":false},{"ind":1,"ty":"sh","ix":2,"ks":{"a":0,"k":{"i":[[0,0],[0,-1.102],[0,0],[-1.102,0],[0,0],[-0.351,0.636],[0.386,0.618],[0,0],[0.692,0]],"o":[[-1.102,0],[0,0],[0,1.102],[0,0],[0.727,0],[0.352,-0.633],[0,0],[-0.368,-0.586],[0,0]],"v":[[14,-8],[12,-6],[12,0],[14,2],[21.195,2],[22.945,0.969],[22.891,-1.059],[19.141,-7.062],[17.445,-8]],"c":true},"ix":2},"nm":"Path 5","mn":"ADBE Vector Shape - Group","hd":false},{"ind":2,"ty":"sh","ix":3,"ks":{"a":0,"k":{"i":[[0,0],[0,0],[0,0],[0,0]],"o":[[0,0],[0,0],[0,0],[0,0]],"v":[[-28,-20],[8,-20],[8,8],[-28,8]],"c":true},"ix":2},"nm":"Path 7","mn":"ADBE Vector Shape - Group","hd":false},{"ty":"mm","mm":1,"nm":"Merge Paths 1","mn":"ADBE Vector Filter - Merge","hd":false},{"ty":"st","c":{"a":0,"k":[1,1,1,1],"ix":3},"o":{"a":0,"k":100,"ix":4},"w":{"a":0,"k":1,"ix":5},"lc":1,"lj":1,"ml":10,"nm":"Stroke 1","mn":"ADBE Vector Graphic - Stroke","hd":false},{"ty":"tr","p":{"a":0,"k":[32,32],"ix":2},"a":{"a":0,"k":[0,0],"ix":1},"s":{"a":0,"k":[100,100],"ix":3},"r":{"a":0,"k":0,"ix":6},"o":{"a":0,"k":100,"ix":7},"sk":{"a":0,"k":0,"ix":4},"sa":{"a":0,"k":0,"ix":5},"nm":"Transform"}],"nm":"Group 13","np":5,"cix":2,"ix":10,"mn":"ADBE Vector Group","hd":false},{"ty":"gr","it":[{"ind":0,"ty":"sh","ix":1,"ks":{"a":0,"k":{"i":[[0,0],[0,-1.652],[-1.16,-0.414],[0,0],[0,-1.301],[0,0],[-1.652,0],[0,0],[-3.52,0],[-0.488,3.387],[0,0],[-3.52,0],[-0.488,3.387],[0,0],[0,1.652],[0,0],[1.18,0.406],[0,0.063],[0,0],[0.524,0.808],[0,0],[1.711,0],[0,0],[0,0],[0.551,0],[0,-0.551],[0,0],[0,0],[0,0],[0,1.301],[1.652,0]],"o":[[-1.652,0],[0,1.301],[0,0],[-1.16,0.41],[0,0],[0,1.652],[0,0],[0.488,3.387],[3.52,0],[0,0],[0.488,3.387],[3.52,0],[0,0],[1.652,0],[0,0],[0,-1.316],[0.012,-0.055],[0,0],[0,-0.961],[0,0],[-0.922,-1.438],[0,0],[0,0],[0,-0.551],[-0.551,0],[0,0],[0,0],[0,0],[1.16,-0.414],[0,-1.652],[0,0]],"v":[[-29,-26],[-32,-23],[-30,-20.184],[-30,8.188],[-32,11],[-32,17],[-29,20],[-23.922,20],[-17,26],[-10.078,20],[12.078,20],[19,26],[25.922,20],[29,20],[32,17],[32,11],[29.965,8.172],[30,8],[30,4.176],[29.203,1.469],[22.02,-9.703],[17.816,-12],[16,-12],[16,-14],[15,-15],[14,-14],[14,-12],[10,-12],[10,-20.184],[12,-23],[9,-26]],"c":true},"ix":2},"nm":"Path 1","mn":"ADBE Vector Shape - Group","hd":false},{"ty":"st","c":{"a":0,"k":[1,1,1,1],"ix":3},"o":{"a":0,"k":100,"ix":4},"w":{"a":0,"k":1,"ix":5},"lc":1,"lj":1,"ml":10,"nm":"Stroke 1","mn":"ADBE Vector Graphic - Stroke","hd":false},{"ty":"tr","p":{"a":0,"k":[32,32],"ix":2},"a":{"a":0,"k":[0,0],"ix":1},"s":{"a":0,"k":[100,100],"ix":3},"r":{"a":0,"k":0,"ix":6},"o":{"a":0,"k":100,"ix":7},"sk":{"a":0,"k":0,"ix":4},"sa":{"a":0,"k":0,"ix":5},"nm":"Transform"}],"nm":"Group 14","np":2,"cix":2,"ix":11,"mn":"ADBE Vector Group","hd":false}],"ip":25,"op":50,"st":25,"bm":0},{"ddd":0,"ind":5,"ty":3,"nm":"Null 5","sr":1,"ks":{"o":{"a":0,"k":0,"ix":11},"r":{"a":0,"k":0,"ix":10},"p":{"a":0,"k":[256,256,0],"ix":2},"a":{"a":0,"k":[0,0,0],"ix":1},"s":{"a":1,"k":[{"i":{"x":[0.833,0.833,0.833],"y":[0.833,0.833,0.833]},"o":{"x":[0.167,0.167,0.167],"y":[0.167,0.167,0.167]},"n":["0p833_0p833_0p167_0p167","0p833_0p833_0p167_0p167","0p833_0p833_0p167_0p167"],"t":25,"s":[0,0,100],"e":[98,98,100]},{"t":37}],"ix":6}},"ao":0,"ip":25,"op":50,"st":0,"bm":0},{"ddd":0,"ind":6,"ty":4,"nm":"Service Outlines 2","parent":8,"sr":1,"ks":{"o":{"a":0,"k":100,"ix":11},"r":{"a":1,"k":[{"i":{"x":[0.833],"y":[0.833]},"o":{"x":[0.167],"y":[0.167]},"n":["0p833_0p833_0p167_0p167"],"t":60,"s":[-62],"e":[0]},{"t":73}],"ix":10},"p":{"a":0,"k":[36.54,-44.66,0],"ix":2},"a":{"a":0,"k":[41,21,0],"ix":1},"s":{"a":1,"k":[{"i":{"x":[0.833,0.833,0.833],"y":[0.833,0.833,0.833]},"o":{"x":[0.167,0.167,0.167],"y":[0.167,0.167,0.167]},"n":["0p833_0p833_0p167_0p167","0p833_0p833_0p167_0p167","0p833_0p833_0p167_0p167"],"t":60,"s":[333,333,100],"e":[406,406,100]},{"t":73}],"ix":6}},"ao":0,"shapes":[{"ty":"gr","it":[{"ind":0,"ty":"sh","ix":1,"ks":{"a":0,"k":{"i":[[-1.654,0],[0,-1.654],[1.654,0],[0,1.654]],"o":[[1.654,0],[0,1.654],[-1.654,0],[0,-1.654]],"v":[[0,-3],[3,0],[0,3],[-3,0]],"c":true},"ix":2},"nm":"Path 1","mn":"ADBE Vector Shape - Group","hd":false},{"ty":"fl","c":{"a":0,"k":[1,1,1,1],"ix":4},"o":{"a":0,"k":100,"ix":5},"r":1,"nm":"Fill 1","mn":"ADBE Vector Graphic - Fill","hd":false},{"ty":"tr","p":{"a":0,"k":[41,21],"ix":2},"a":{"a":0,"k":[0,0],"ix":1},"s":{"a":0,"k":[100,100],"ix":3},"r":{"a":0,"k":0,"ix":6},"o":{"a":0,"k":100,"ix":7},"sk":{"a":0,"k":0,"ix":4},"sa":{"a":0,"k":0,"ix":5},"nm":"Transform"}],"nm":"Group 1","np":2,"cix":2,"ix":1,"mn":"ADBE Vector Group","hd":false},{"ty":"gr","it":[{"ind":0,"ty":"sh","ix":1,"ks":{"a":0,"k":{"i":[[0.254,-0.028],[0.173,-0.215],[-0.431,-0.345],[-0.302,-0.378],[-0.293,0],[-0.185,0.149],[0.346,0.431],[0.531,0.425]],"o":[[-0.254,0.028],[-0.346,0.431],[0.416,0.334],[0.199,0.246],[0.219,0],[0.429,-0.346],[-0.395,-0.491],[-0.215,-0.172]],"v":[[-0.729,-1.596],[-1.4,-1.23],[-1.245,0.176],[-0.161,1.252],[0.62,1.624],[1.245,1.404],[1.4,-0.003],[0.005,-1.383]],"c":true},"ix":2},"nm":"Path 1","mn":"ADBE Vector Shape - Group","hd":false},{"ty":"fl","c":{"a":0,"k":[1,1,1,1],"ix":4},"o":{"a":0,"k":100,"ix":5},"r":1,"nm":"Fill 1","mn":"ADBE Vector Graphic - Fill","hd":false},{"ty":"tr","p":{"a":0,"k":[46.62,15.376],"ix":2},"a":{"a":0,"k":[0,0],"ix":1},"s":{"a":0,"k":[100,100],"ix":3},"r":{"a":0,"k":0,"ix":6},"o":{"a":0,"k":100,"ix":7},"sk":{"a":0,"k":0,"ix":4},"sa":{"a":0,"k":0,"ix":5},"nm":"Transform"}],"nm":"Group 2","np":2,"cix":2,"ix":2,"mn":"ADBE Vector Group","hd":false},{"ty":"gr","it":[{"ind":0,"ty":"sh","ix":1,"ks":{"a":0,"k":{"i":[[0.347,0],[0,-4.962],[-4.963,0],[0,4.962],[0.052,0.384],[0.546,-0.071],[-0.072,-0.548],[0,-0.295],[3.859,0],[0,3.86],[-3.859,0],[-0.287,-0.036],[-0.069,0.548],[0.548,0.068]],"o":[[-4.963,0],[0,4.962],[4.963,0],[0,-0.367],[-0.071,-0.547],[-0.548,0.072],[0.038,0.285],[0,3.86],[-3.859,0],[0,-3.86],[0.298,0],[0.55,0.073],[0.07,-0.547],[-0.421,-0.053]],"v":[[0,-9],[-9,0],[0,9],[9,0],[8.924,-1.131],[7.803,-1.992],[6.941,-0.869],[7,0],[0,7],[-7,0],[0,-7],[0.877,-6.939],[1.992,-7.807],[1.123,-8.924]],"c":true},"ix":2},"nm":"Path 1","mn":"ADBE Vector Shape - Group","hd":false},{"ty":"fl","c":{"a":0,"k":[1,1,1,1],"ix":4},"o":{"a":0,"k":100,"ix":5},"r":1,"nm":"Fill 1","mn":"ADBE Vector Graphic - Fill","hd":false},{"ty":"tr","p":{"a":0,"k":[41,21],"ix":2},"a":{"a":0,"k":[0,0],"ix":1},"s":{"a":0,"k":[100,100],"ix":3},"r":{"a":0,"k":0,"ix":6},"o":{"a":0,"k":100,"ix":7},"sk":{"a":0,"k":0,"ix":4},"sa":{"a":0,"k":0,"ix":5},"nm":"Transform"}],"nm":"Group 3","np":2,"cix":2,"ix":3,"mn":"ADBE Vector Group","hd":false},{"ty":"gr","it":[{"ind":0,"ty":"sh","ix":1,"ks":{"a":0,"k":{"i":[[0,0],[0.104,-0.455],[0,0],[0.707,-0.372],[0,0],[0.331,-0.331],[0,0],[-0.248,-0.395],[0,0],[0.236,-0.766],[0,0],[0,-0.467],[0,0],[-0.455,-0.104],[0,0],[-0.372,-0.707],[0,0],[-0.33,-0.33],[0,0],[-0.395,0.246],[0,0],[-0.765,-0.236],[0,0],[-0.467,0],[0,0],[-0.104,0.455],[0,0],[-0.707,0.372],[0,0],[-0.331,0.33],[0,0],[0.248,0.395],[0,0],[-0.236,0.766],[0,0],[0,0.467],[0,0],[0.455,0.104],[0,0],[0.372,0.707],[0,0],[0.33,0.33],[0,0],[0.395,-0.246],[0,0],[0.765,0.236],[0,0],[0.467,0]],"o":[[-0.467,0],[0,0],[-0.765,0.236],[0,0],[-0.394,-0.246],[0,0],[-0.33,0.33],[0,0],[-0.372,0.707],[0,0],[-0.455,0.104],[0,0],[0,0.467],[0,0],[0.236,0.766],[0,0],[-0.248,0.394],[0,0],[0.331,0.33],[0,0],[0.707,0.372],[0,0],[0.104,0.455],[0,0],[0.467,0],[0,0],[0.765,-0.236],[0,0],[0.394,0.246],[0,0],[0.33,-0.33],[0,0],[0.372,-0.707],[0,0],[0.455,-0.104],[0,0],[0,-0.467],[0,0],[-0.236,-0.766],[0,0],[0.248,-0.394],[0,0],[-0.331,-0.331],[0,0],[-0.707,-0.372],[0,0],[-0.104,-0.455],[0,0]],"v":[[-2,-17],[-2.975,-16.223],[-3.844,-12.406],[-6.057,-11.492],[-9.367,-13.574],[-10.607,-13.436],[-13.436,-10.607],[-13.574,-9.367],[-11.492,-6.057],[-12.406,-3.844],[-16.223,-2.975],[-17,-2],[-17,2],[-16.223,2.975],[-12.406,3.844],[-11.492,6.057],[-13.574,9.367],[-13.436,10.607],[-10.607,13.436],[-9.367,13.574],[-6.057,11.492],[-3.844,12.406],[-2.975,16.223],[-2,17],[2,17],[2.975,16.223],[3.844,12.406],[6.057,11.492],[9.367,13.574],[10.607,13.436],[13.436,10.607],[13.574,9.367],[11.492,6.057],[12.406,3.844],[16.223,2.975],[17,2],[17,-2],[16.223,-2.975],[12.406,-3.844],[11.492,-6.057],[13.574,-9.367],[13.436,-10.607],[10.607,-13.436],[9.367,-13.574],[6.057,-11.492],[3.844,-12.406],[2.975,-16.223],[2,-17]],"c":true},"ix":2},"nm":"Path 1","mn":"ADBE Vector Shape - Group","hd":false},{"ty":"st","c":{"a":0,"k":[1,1,1,1],"ix":3},"o":{"a":0,"k":100,"ix":4},"w":{"a":0,"k":1,"ix":5},"lc":1,"lj":1,"ml":10,"nm":"Stroke 1","mn":"ADBE Vector Graphic - Stroke","hd":false},{"ty":"tr","p":{"a":0,"k":[41,21],"ix":2},"a":{"a":0,"k":[0,0],"ix":1},"s":{"a":0,"k":[100,100],"ix":3},"r":{"a":0,"k":0,"ix":6},"o":{"a":0,"k":100,"ix":7},"sk":{"a":0,"k":0,"ix":4},"sa":{"a":0,"k":0,"ix":5},"nm":"Transform"}],"nm":"Group 4","np":2,"cix":2,"ix":4,"mn":"ADBE Vector Group","hd":false}],"ip":50,"op":75,"st":50,"bm":0},{"ddd":0,"ind":7,"ty":4,"nm":"Service Outlines","parent":8,"sr":1,"ks":{"o":{"a":0,"k":100,"ix":11},"r":{"a":0,"k":0,"ix":10},"p":{"a":0,"k":[0.085,67.564,0],"ix":2},"a":{"a":0,"k":[32.021,48.641,0],"ix":1},"s":{"a":0,"k":[406,406,100],"ix":6}},"ao":0,"shapes":[{"ty":"gr","it":[{"ind":0,"ty":"sh","ix":1,"ks":{"a":0,"k":{"i":[[0,0],[1.76,8.884]],"o":[[0,0],[0,0]],"v":[[-9.833,-2.558],[8.074,-4.442]],"c":false},"ix":2},"nm":"Path 1","mn":"ADBE Vector Shape - Group","hd":false},{"ty":"st","c":{"a":0,"k":[1,1,1,1],"ix":3},"o":{"a":0,"k":100,"ix":4},"w":{"a":0,"k":1,"ix":5},"lc":2,"lj":1,"ml":10,"nm":"Stroke 1","mn":"ADBE Vector Graphic - Stroke","hd":false},{"ty":"tr","p":{"a":0,"k":[34.667,49.141],"ix":2},"a":{"a":0,"k":[0,0],"ix":1},"s":{"a":0,"k":[100,100],"ix":3},"r":{"a":0,"k":0,"ix":6},"o":{"a":0,"k":100,"ix":7},"sk":{"a":0,"k":0,"ix":4},"sa":{"a":0,"k":0,"ix":5},"nm":"Transform"}],"nm":"Group 5","np":2,"cix":2,"ix":1,"mn":"ADBE Vector Group","hd":false},{"ty":"gr","it":[{"ind":0,"ty":"sh","ix":1,"ks":{"a":0,"k":{"i":[[1.812,0.04],[0.604,-0.071],[0,0],[-0.01,-1.53],[0,0],[-1.657,0],[-0.239,0.06],[0,0],[-1.535,-0.813],[0,0],[-2.613,1.366],[0,0],[1.198,2.297],[0.532,0.413],[0,0],[1.389,-0.355],[0,0],[2.274,-0.165],[0,0],[0.764,0.361],[0,0]],"o":[[-0.604,-0.014],[0,0],[-1.519,0.177],[0,0],[0,1.657],[0.246,0],[0,0],[1.683,-0.427],[0,0],[2.612,1.366],[0,0],[2.295,-1.198],[-0.311,-0.597],[0,0],[-1.134,-0.879],[0,0],[-0.727,-2.161],[0,0],[-0.842,0.053],[0,0],[-1.651,-0.778]],"v":[[-14.013,-13.484],[-15.829,-13.396],[-27.699,-12.006],[-30.349,-9.006],[-30.349,3.633],[-27.349,6.633],[-26.618,6.542],[-20.06,4.904],[-15.06,5.504],[-2.468,12.133],[5.872,12.133],[27.171,1.133],[29.161,-5.196],[27.882,-6.727],[27.831,-6.756],[23.831,-7.587],[10.391,-4.107],[5.292,-7.497],[3.1,-7.337],[0.651,-7.807],[-8.759,-12.247]],"c":true},"ix":2},"nm":"Path 1","mn":"ADBE Vector Shape - Group","hd":false},{"ty":"st","c":{"a":0,"k":[1,1,1,1],"ix":3},"o":{"a":0,"k":100,"ix":4},"w":{"a":0,"k":1,"ix":5},"lc":1,"lj":1,"ml":10,"nm":"Stroke 1","mn":"ADBE Vector Graphic - Stroke","hd":false},{"ty":"tr","p":{"a":0,"k":[32.349,48.807],"ix":2},"a":{"a":0,"k":[0,0],"ix":1},"s":{"a":0,"k":[100,100],"ix":3},"r":{"a":0,"k":0,"ix":6},"o":{"a":0,"k":100,"ix":7},"sk":{"a":0,"k":0,"ix":4},"sa":{"a":0,"k":0,"ix":5},"nm":"Transform"}],"nm":"Group 6","np":2,"cix":2,"ix":2,"mn":"ADBE Vector Group","hd":false},{"ty":"gr","it":[{"ind":0,"ty":"sh","ix":1,"ks":{"a":0,"k":{"i":[[0,0],[0,-0.552],[-0.552,0],[0,0],[0,0.552],[0.552,0]],"o":[[-0.552,0],[0,0.552],[0,0],[0.552,0],[0,-0.552],[0,0]],"v":[[-1,-1],[-2,0],[-1,1],[1,1],[2,0],[1,-1]],"c":true},"ix":2},"nm":"Path 1","mn":"ADBE Vector Shape - Group","hd":false},{"ty":"fl","c":{"a":0,"k":[1,1,1,1],"ix":4},"o":{"a":0,"k":100,"ix":5},"r":1,"nm":"Fill 1","mn":"ADBE Vector Graphic - Fill","hd":false},{"ty":"tr","p":{"a":0,"k":[8,51],"ix":2},"a":{"a":0,"k":[0,0],"ix":1},"s":{"a":0,"k":[100,100],"ix":3},"r":{"a":0,"k":0,"ix":6},"o":{"a":0,"k":100,"ix":7},"sk":{"a":0,"k":0,"ix":4},"sa":{"a":0,"k":0,"ix":5},"nm":"Transform"}],"nm":"Group 7","np":2,"cix":2,"ix":3,"mn":"ADBE Vector Group","hd":false},{"ty":"gr","it":[{"ind":0,"ty":"sh","ix":1,"ks":{"a":0,"k":{"i":[[0,0],[0,-0.552],[-0.552,0],[0,0],[0,0.552],[0.552,0]],"o":[[-0.552,0],[0,0.552],[0,0],[0.552,0],[0,-0.552],[0,0]],"v":[[-1,-1],[-2,0],[-1,1],[1,1],[2,0],[1,-1]],"c":true},"ix":2},"nm":"Path 1","mn":"ADBE Vector Shape - Group","hd":false},{"ty":"fl","c":{"a":0,"k":[1,1,1,1],"ix":4},"o":{"a":0,"k":100,"ix":5},"r":1,"nm":"Fill 1","mn":"ADBE Vector Graphic - Fill","hd":false},{"ty":"tr","p":{"a":0,"k":[8,46],"ix":2},"a":{"a":0,"k":[0,0],"ix":1},"s":{"a":0,"k":[100,100],"ix":3},"r":{"a":0,"k":0,"ix":6},"o":{"a":0,"k":100,"ix":7},"sk":{"a":0,"k":0,"ix":4},"sa":{"a":0,"k":0,"ix":5},"nm":"Transform"}],"nm":"Group 8","np":2,"cix":2,"ix":4,"mn":"ADBE Vector Group","hd":false},{"ty":"gr","it":[{"ind":0,"ty":"sh","ix":1,"ks":{"a":0,"k":{"i":[[0,0],[0,-0.552],[-0.552,0],[0,0],[0,0.552],[0.552,0]],"o":[[-0.552,0],[0,0.552],[0,0],[0.552,0],[0,-0.552],[0,0]],"v":[[-1,-1],[-2,0],[-1,1],[1,1],[2,0],[1,-1]],"c":true},"ix":2},"nm":"Path 1","mn":"ADBE Vector Shape - Group","hd":false},{"ty":"fl","c":{"a":0,"k":[1,1,1,1],"ix":4},"o":{"a":0,"k":100,"ix":5},"r":1,"nm":"Fill 1","mn":"ADBE Vector Graphic - Fill","hd":false},{"ty":"tr","p":{"a":0,"k":[8,41],"ix":2},"a":{"a":0,"k":[0,0],"ix":1},"s":{"a":0,"k":[100,100],"ix":3},"r":{"a":0,"k":0,"ix":6},"o":{"a":0,"k":100,"ix":7},"sk":{"a":0,"k":0,"ix":4},"sa":{"a":0,"k":0,"ix":5},"nm":"Transform"}],"nm":"Group 9","np":2,"cix":2,"ix":5,"mn":"ADBE Vector Group","hd":false}],"ip":50,"op":75,"st":50,"bm":0},{"ddd":0,"ind":8,"ty":3,"nm":"Null 6","sr":1,"ks":{"o":{"a":0,"k":0,"ix":11},"r":{"a":0,"k":0,"ix":10},"p":{"a":0,"k":[256,256,0],"ix":2},"a":{"a":0,"k":[0,0,0],"ix":1},"s":{"a":1,"k":[{"i":{"x":[0.833,0.833,0.833],"y":[0.833,0.833,0.833]},"o":{"x":[0.167,0.167,0.167],"y":[0.167,0.167,0.167]},"n":["0p833_0p833_0p167_0p167","0p833_0p833_0p167_0p167","0p833_0p833_0p167_0p167"],"t":50,"s":[0,0,100],"e":[100,100,100]},{"t":60}],"ix":6}},"ao":0,"ip":50,"op":75,"st":0,"bm":0},{"ddd":0,"ind":9,"ty":4,"nm":"Shape Layer 4","parent":13,"sr":1,"ks":{"o":{"a":0,"k":100,"ix":11},"r":{"a":1,"k":[{"i":{"x":[0.833],"y":[0.833]},"o":{"x":[0.167],"y":[0.167]},"n":["0p833_0p833_0p167_0p167"],"t":75,"s":[135],"e":[402]},{"t":100}],"ix":10},"p":{"a":0,"k":[-4.06,4.06,0],"ix":2},"a":{"a":0,"k":[-4.06,4.06,0],"ix":1},"s":{"a":0,"k":[100,100,100],"ix":6}},"ao":0,"shapes":[{"ty":"gr","it":[{"ind":0,"ty":"sh","ix":1,"ks":{"a":0,"k":{"i":[[0,0],[0,0]],"o":[[0,0],[0,0]],"v":[[-3.927,-32.045],[-3.75,4.25]],"c":false},"ix":2},"nm":"Path 1","mn":"ADBE Vector Shape - Group","hd":false},{"ty":"st","c":{"a":0,"k":[1,1,1,1],"ix":3},"o":{"a":0,"k":100,"ix":4},"w":{"a":0,"k":7,"ix":5},"lc":2,"lj":1,"ml":4,"nm":"Stroke 1","mn":"ADBE Vector Graphic - Stroke","hd":false},{"ty":"tr","p":{"a":0,"k":[0,0],"ix":2},"a":{"a":0,"k":[0,0],"ix":1},"s":{"a":0,"k":[100,100],"ix":3},"r":{"a":0,"k":0,"ix":6},"o":{"a":0,"k":100,"ix":7},"sk":{"a":0,"k":0,"ix":4},"sa":{"a":0,"k":0,"ix":5},"nm":"Transform"}],"nm":"Shape 1","np":3,"cix":2,"ix":1,"mn":"ADBE Vector Group","hd":false}],"ip":75,"op":100,"st":6,"bm":0},{"ddd":0,"ind":10,"ty":4,"nm":"Shape Layer 3","parent":13,"sr":1,"ks":{"o":{"a":0,"k":100,"ix":11},"r":{"a":1,"k":[{"i":{"x":[0.833],"y":[0.833]},"o":{"x":[0.167],"y":[0.167]},"n":["0p833_0p833_0p167_0p167"],"t":75,"s":[0],"e":[363]},{"t":100}],"ix":10},"p":{"a":0,"k":[-4.06,4.06,0],"ix":2},"a":{"a":0,"k":[-4.06,4.06,0],"ix":1},"s":{"a":0,"k":[100,100,100],"ix":6}},"ao":0,"shapes":[{"ty":"gr","it":[{"ind":0,"ty":"sh","ix":1,"ks":{"a":0,"k":{"i":[[0,0],[0,0]],"o":[[0,0],[0,0]],"v":[[-3.75,-40],[-3.75,4.25]],"c":false},"ix":2},"nm":"Path 1","mn":"ADBE Vector Shape - Group","hd":false},{"ty":"st","c":{"a":0,"k":[1,1,1,1],"ix":3},"o":{"a":0,"k":100,"ix":4},"w":{"a":0,"k":7,"ix":5},"lc":2,"lj":1,"ml":4,"nm":"Stroke 1","mn":"ADBE Vector Graphic - Stroke","hd":false},{"ty":"tr","p":{"a":0,"k":[0,0],"ix":2},"a":{"a":0,"k":[0,0],"ix":1},"s":{"a":0,"k":[100,100],"ix":3},"r":{"a":0,"k":0,"ix":6},"o":{"a":0,"k":100,"ix":7},"sk":{"a":0,"k":0,"ix":4},"sa":{"a":0,"k":0,"ix":5},"nm":"Transform"}],"nm":"Shape 1","np":3,"cix":2,"ix":1,"mn":"ADBE Vector Group","hd":false}],"ip":75,"op":100,"st":6,"bm":0},{"ddd":0,"ind":11,"ty":4,"nm":"Time Outlines 2","parent":13,"sr":1,"ks":{"o":{"a":0,"k":100,"ix":11},"r":{"a":1,"k":[{"i":{"x":[0.833],"y":[0.833]},"o":{"x":[0.167],"y":[0.167]},"n":["0p833_0p833_0p167_0p167"],"t":75,"s":[-90],"e":[0]},{"t":100}],"ix":10},"p":{"a":0,"k":[0,0,0],"ix":2},"a":{"a":0,"k":[32,32,0],"ix":1},"s":{"a":1,"k":[{"i":{"x":[0.833,0.833,0.833],"y":[0.833,0.833,0.833]},"o":{"x":[0.167,0.167,0.167],"y":[0.167,0.167,0.167]},"n":["0p833_0p833_0p167_0p167","0p833_0p833_0p167_0p167","0p833_0p833_0p167_0p167"],"t":75,"s":[479.3,479.3,100],"e":[406,406,100]},{"t":100}],"ix":6}},"ao":0,"shapes":[{"ty":"gr","it":[{"ind":0,"ty":"sh","ix":1,"ks":{"a":0,"k":{"i":[[0.129,0.012],[0.199,-0.364],[5.488,-3.027],[-0.265,-0.485],[-0.355,0],[-0.153,0.086],[-3.208,5.82],[0.48,0.266]],"o":[[-0.391,-0.039],[-3.024,5.488],[-0.484,0.266],[0.184,0.328],[0.16,0],[5.82,-3.207],[0.269,-0.485],[-0.125,-0.066]],"v":[[6.809,-7.682],[5.829,-7.169],[-7.188,5.846],[-7.583,7.206],[-6.704,7.721],[-6.223,7.596],[7.579,-6.204],[7.188,-7.564]],"c":true},"ix":2},"nm":"Path 1","mn":"ADBE Vector Shape - Group","hd":false},{"ty":"fl","c":{"a":0,"k":[1,1,1,1],"ix":4},"o":{"a":0,"k":100,"ix":5},"r":1,"nm":"Fill 1","mn":"ADBE Vector Graphic - Fill","hd":false},{"ty":"tr","p":{"a":0,"k":[54.094,56.076],"ix":2},"a":{"a":0,"k":[0,0],"ix":1},"s":{"a":0,"k":[100,100],"ix":3},"r":{"a":0,"k":0,"ix":6},"o":{"a":0,"k":100,"ix":7},"sk":{"a":0,"k":0,"ix":4},"sa":{"a":0,"k":0,"ix":5},"nm":"Transform"}],"nm":"Group 1","np":2,"cix":2,"ix":1,"mn":"ADBE Vector Group","hd":false},{"ty":"gr","it":[{"ind":0,"ty":"sh","ix":1,"ks":{"a":0,"k":{"i":[[0.387,-0.043],[0.121,-0.07],[3.207,-5.82],[-0.481,-0.265],[-0.164,0],[-0.183,0.328],[-5.488,3.024],[0.266,0.484]],"o":[[-0.129,0.012],[-5.82,3.207],[-0.269,0.484],[0.156,0.086],[0.352,0],[3.024,-5.488],[0.484,-0.265],[-0.199,-0.36]],"v":[[6.602,-7.678],[6.223,-7.561],[-7.579,6.241],[-7.188,7.596],[-6.704,7.721],[-5.829,7.206],[7.188,-5.811],[7.581,-7.169]],"c":true},"ix":2},"nm":"Path 1","mn":"ADBE Vector Shape - Group","hd":false},{"ty":"fl","c":{"a":0,"k":[1,1,1,1],"ix":4},"o":{"a":0,"k":100,"ix":5},"r":1,"nm":"Fill 1","mn":"ADBE Vector Graphic - Fill","hd":false},{"ty":"tr","p":{"a":0,"k":[7.906,9.888],"ix":2},"a":{"a":0,"k":[0,0],"ix":1},"s":{"a":0,"k":[100,100],"ix":3},"r":{"a":0,"k":0,"ix":6},"o":{"a":0,"k":100,"ix":7},"sk":{"a":0,"k":0,"ix":4},"sa":{"a":0,"k":0,"ix":5},"nm":"Transform"}],"nm":"Group 2","np":2,"cix":2,"ix":2,"mn":"ADBE Vector Group","hd":false}],"ip":75,"op":100,"st":75,"bm":0},{"ddd":0,"ind":12,"ty":4,"nm":"Time Outlines","parent":13,"sr":1,"ks":{"o":{"a":0,"k":100,"ix":11},"r":{"a":0,"k":0,"ix":10},"p":{"a":0,"k":[0,0,0],"ix":2},"a":{"a":0,"k":[32,32,0],"ix":1},"s":{"a":0,"k":[406,406,100],"ix":6}},"ao":0,"shapes":[{"ty":"gr","it":[{"ind":0,"ty":"sh","ix":1,"ks":{"a":0,"k":{"i":[[0.586,0],[0,-0.586],[0,0],[-0.587,0],[0,0.586],[0,0]],"o":[[-0.587,0],[0,0],[0,0.586],[0.586,0],[0,0],[0,-0.586]],"v":[[-0.021,13.85],[-1.086,14.915],[-1.086,17.046],[-0.021,18.111],[1.044,17.046],[1.044,14.915]],"c":true},"ix":2},"nm":"Path 1","mn":"ADBE Vector Shape - Group","hd":false},{"ind":1,"ty":"sh","ix":2,"ks":{"a":0,"k":{"i":[[0.27,-0.004],[0.204,-0.211],[-0.42,-0.407],[0,0],[-0.271,0],[-0.213,0.212],[0.425,0.412],[0,0]],"o":[[-0.271,0.009],[-0.407,0.42],[0,0],[0.208,0.204],[0.278,0],[0.408,-0.424],[0,0],[-0.212,-0.204]],"v":[[10.689,9.293],[9.94,9.622],[9.965,11.124],[11.497,12.606],[12.242,12.906],[13.007,12.585],[12.978,11.075],[11.447,9.593]],"c":true},"ix":2},"nm":"Path 2","mn":"ADBE Vector Shape - Group","hd":false},{"ind":2,"ty":"sh","ix":3,"ks":{"a":0,"k":{"i":[[0.136,-0.005],[0.166,-0.412],[-0.545,-0.221],[0,0],[-0.129,0],[-0.167,0.416],[0.549,0.221],[0,0]],"o":[[-0.416,0.004],[-0.217,0.545],[0,0],[0.129,0.055],[0.425,0],[0.22,-0.545],[0,0],[-0.138,-0.054]],"v":[[13.79,4.526],[12.816,5.191],[13.407,6.577],[15.383,7.375],[15.778,7.454],[16.769,6.785],[16.178,5.399],[14.206,4.6]],"c":true},"ix":2},"nm":"Path 3","mn":"ADBE Vector Shape - Group","hd":false},{"ind":3,"ty":"sh","ix":4,"ks":{"a":0,"k":{"i":[[0,0],[0,-0.587],[-0.587,0],[0,0],[0,0.587],[0.587,0]],"o":[[-0.587,0],[0,0.587],[0,0],[0.587,0],[0,-0.587],[0,0]],"v":[[14.892,-1.063],[13.827,0.002],[14.892,1.068],[17.022,1.068],[18.087,0.002],[17.022,-1.063]],"c":true},"ix":2},"nm":"Path 4","mn":"ADBE Vector Shape - Group","hd":false},{"ind":4,"ty":"sh","ix":5,"ks":{"a":0,"k":{"i":[[0,0],[0,-0.587],[-0.587,0],[0,0],[0,0.587],[0.586,0]],"o":[[-0.587,0],[0,0.587],[0,0],[0.586,0],[0,-0.587],[0,0]],"v":[[-17.064,-1.063],[-18.13,0.002],[-17.064,1.068],[-14.934,1.068],[-13.869,0.002],[-14.934,-1.063]],"c":true},"ix":2},"nm":"Path 5","mn":"ADBE Vector Shape - Group","hd":false},{"ind":5,"ty":"sh","ix":6,"ks":{"a":0,"k":{"i":[[0.416,-0.009],[0.133,-0.059],[0,0],[-0.237,-0.541],[-0.408,0],[-0.142,0.063],[0,0],[0.237,0.537]],"o":[[-0.138,0.004],[0,0],[-0.537,0.241],[0.179,0.396],[0.146,0],[0,0],[0.537,-0.241],[-0.183,-0.403]],"v":[[15.529,-7.995],[15.117,-7.903],[13.169,-7.038],[12.628,-5.628],[13.602,-4.995],[14.035,-5.091],[15.982,-5.956],[16.523,-7.363]],"c":true},"ix":2},"nm":"Path 6","mn":"ADBE Vector Shape - Group","hd":false},{"ind":6,"ty":"sh","ix":7,"ks":{"a":0,"k":{"i":[[0.275,-0.005],[0.208,-0.212],[0,0],[-0.425,-0.408],[-0.265,0],[-0.208,0.212],[0,0],[0.42,0.412]],"o":[[-0.274,0.008],[0,0],[-0.407,0.424],[0.204,0.2],[0.284,0],[0,0],[0.412,-0.425],[-0.212,-0.204]],"v":[[11.8,-13.325],[11.051,-12.997],[9.57,-11.465],[9.599,-9.959],[10.335,-9.66],[11.101,-9.984],[12.583,-11.515],[12.562,-13.026]],"c":true},"ix":2},"nm":"Path 8","mn":"ADBE Vector Shape - Group","hd":false},{"ind":7,"ty":"sh","ix":8,"ks":{"a":0,"k":{"i":[[0.138,-0.004],[0.167,-0.412],[0,0],[-0.548,-0.22],[-0.133,0],[-0.166,0.416],[0,0],[0.545,0.22]],"o":[[-0.416,0.004],[0,0],[-0.221,0.545],[0.129,0.051],[0.421,0],[0,0],[0.221,-0.545],[-0.136,-0.054]],"v":[[6.349,-16.862],[5.375,-16.196],[4.577,-14.224],[5.167,-12.835],[5.567,-12.759],[6.553,-13.425],[7.352,-15.402],[6.761,-16.787]],"c":true},"ix":2},"nm":"Path 9","mn":"ADBE Vector Shape - Group","hd":false},{"ind":8,"ty":"sh","ix":9,"ks":{"a":0,"k":{"i":[[0.586,0],[0,-0.587],[0,0],[-0.587,0],[0,0.587],[0,0]],"o":[[-0.587,0],[0,0],[0,0.587],[0.586,0],[0,0],[0,-0.587]],"v":[[-0.021,-18.107],[-1.086,-17.041],[-1.086,-14.911],[-0.021,-13.845],[1.044,-14.911],[1.044,-17.041]],"c":true},"ix":2},"nm":"Path 10","mn":"ADBE Vector Shape - Group","hd":false},{"ind":9,"ty":"sh","ix":10,"ks":{"a":0,"k":{"i":[[0.137,-0.008],[0.153,-0.412],[-0.554,-0.208],[-0.723,-0.362],[-0.162,0],[-0.191,0.374],[0.525,0.267],[0.832,0.312]],"o":[[-0.417,0.017],[-0.208,0.55],[0.757,0.283],[0.155,0.079],[0.388,0],[0.262,-0.525],[-0.795,-0.399],[-0.134,-0.05]],"v":[[8.139,-23.021],[7.186,-22.33],[7.81,-20.957],[10.044,-19.983],[10.527,-19.866],[11.48,-20.453],[11.005,-21.885],[8.555,-22.954]],"c":true},"ix":2},"nm":"Path 11","mn":"ADBE Vector Shape - Group","hd":false},{"ind":10,"ty":"sh","ix":11,"ks":{"a":0,"k":{"i":[[0.308,-0.008],[0.179,-0.009],[0.649,-0.079],[0.204,-0.029],[0.35,-0.067],[0.195,-0.041],[0.561,-0.167],[0.241,-0.079],[0.283,-0.108],[0.283,-0.116],[0.237,-0.108],[0.479,-0.257],[0.121,-0.066],[0.395,-0.25],[0.146,-0.096],[0.395,-0.296],[0.08,-0.059],[0.45,-0.408],[0.079,-0.07],[0.229,-0.229],[0.083,-0.088],[0.324,-0.378],[0.166,-0.204],[0.304,-0.437],[0.308,-0.512],[0.146,-0.258],[0.208,-0.437],[0.075,-0.166],[0.034,-0.079],[0.104,-0.262],[0.166,-0.516],[0.063,-0.224],[0.125,-0.587],[0.029,-0.163],[0.066,-0.662],[0.013,-0.109],[0,-0.699],[0,-0.054],[0,-0.062],[-0.058,-0.654],[-0.025,-0.195],[-0.099,-0.533],[-0.071,-0.304],[-0.112,-0.416],[-0.629,-1.302],[-0.055,-0.112],[-0.229,-0.395],[-0.208,-0.333],[-0.162,-0.238],[-0.366,-0.466],[-0.104,-0.12],[-0.503,-0.512],[-0.025,-0.03],[-0.004,-0.008],[-2.796,-1.253],[-3.345,0],[-4.605,4.589],[-0.004,0],[-0.033,0.038],[-0.433,0.516],[-0.137,0.166],[-0.291,0.416],[-0.141,0.212],[-0.27,0.483],[-0.217,0.445],[-0.096,0.217],[-0.033,0.07],[-0.112,0.279],[-0.171,0.528],[-0.062,0.221],[-0.125,0.611],[-0.009,0.046],[-0.079,0.773],[-0.005,0.005],[0.158,1.598],[0.004,0.037],[0.145,0.741],[0.024,0.108],[0.166,0.575],[0.075,0.237],[0.183,0.47],[0.113,0.262],[0.225,0.441],[0.004,0.012],[1.861,1.86],[0.774,0.608],[0.366,-0.462],[-0.462,-0.362],[-0.645,-0.645],[-1.103,-2.567],[-0.096,-0.245],[-0.138,-0.424],[-0.066,-0.226],[-0.109,-0.524],[-0.02,-0.104],[-0.07,-0.683],[-0.004,-0.034],[0,-0.732],[0.07,-0.732],[0.005,-0.013],[0.133,-0.69],[0.009,-0.05],[0.158,-0.545],[0.063,-0.201],[0.188,-0.471],[0.112,-0.258],[0.079,-0.175],[0.279,-0.49],[0.125,-0.208],[0.266,-0.383],[0.203,-0.261],[0.246,-0.287],[0.266,-0.278],[8.908,3.995],[1.926,1.997],[0.233,0.27],[0.254,0.321],[0.15,0.2],[0.274,0.433],[0.067,0.109],[0.279,0.558],[0.013,0.029],[0.374,1.347],[0.012,0.046],[0.117,0.637],[0.025,0.166],[0.046,0.521],[0.012,0.316],[-0.004,0.396],[-0.021,0.37],[-0.042,0.366],[-0.045,0.312],[-0.092,0.429],[-0.054,0.225],[-0.167,0.508],[-0.054,0.159],[-0.241,0.55],[-0.096,0.191],[-0.213,0.387],[-0.137,0.229],[-0.316,0.449],[-0.312,0.382],[-0.154,0.175],[-0.325,0.337],[-0.279,0.253],[-0.091,0.079],[-0.424,0.328],[-0.104,0.083],[-0.333,0.224],[-0.166,0.108],[-0.3,0.17],[-0.242,0.129],[-0.345,0.163],[-0.287,0.116],[-0.175,0.066],[-0.329,0.109],[-0.062,0.021],[-0.778,0.159],[-0.037,0.009],[-0.391,0.054],[-0.096,0.013],[-1.14,-0.025],[-0.217,-0.008],[-0.282,-0.029],[-0.374,-0.054],[-0.129,-0.021],[-0.095,0.583],[0.578,0.095],[0.129,0.021],[0.437,0.042],[0.287,0.016],[0.295,0.004]],"o":[[-0.179,0.005],[-0.661,0.024],[-0.208,0.025],[-0.354,0.054],[-0.195,0.041],[-0.579,0.125],[-0.246,0.071],[-0.283,0.096],[-0.283,0.104],[-0.237,0.1],[-0.495,0.22],[-0.125,0.063],[-0.408,0.225],[-0.146,0.091],[-0.412,0.274],[-0.079,0.062],[-0.482,0.374],[-0.079,0.071],[-0.233,0.217],[-0.083,0.083],[-0.346,0.354],[-0.171,0.196],[-0.333,0.412],[-0.349,0.491],[-0.154,0.258],[-0.233,0.425],[-0.079,0.162],[-0.034,0.079],[-0.112,0.254],[-0.199,0.508],[-0.07,0.225],[-0.171,0.583],[-0.029,0.158],[-0.129,0.661],[-0.013,0.108],[-0.066,0.703],[0,0.058],[0,0.063],[0.004,0.658],[0.017,0.199],[0.058,0.545],[0.055,0.312],[0.091,0.42],[0.388,1.394],[0.05,0.113],[0.204,0.409],[0.195,0.342],[0.158,0.241],[0.333,0.486],[0.1,0.121],[0.453,0.55],[0.03,0.029],[0.009,0.004],[2.047,2.047],[3.246,1.456],[6.471,0],[0.005,-0.004],[0.033,-0.038],[0.466,-0.47],[0.136,-0.166],[0.312,-0.396],[0.145,-0.208],[0.295,-0.458],[0.241,-0.428],[0.1,-0.208],[0.033,-0.071],[0.121,-0.279],[0.204,-0.524],[0.067,-0.217],[0.175,-0.604],[0.013,-0.051],[0.153,-0.766],[0,-0.005],[0.158,-1.605],[-0.005,-0.038],[-0.075,-0.749],[-0.021,-0.104],[-0.121,-0.578],[-0.066,-0.237],[-0.153,-0.475],[-0.104,-0.267],[-0.195,-0.453],[-0.008,-0.016],[-1.162,-2.276],[-0.703,-0.703],[-0.462,-0.362],[-0.362,0.466],[0.707,0.554],[2.034,2.035],[0.107,0.242],[0.163,0.42],[0.075,0.229],[0.146,0.515],[0.025,0.1],[0.129,0.666],[0.004,0.037],[0.066,0.724],[0,0.745],[0,0.008],[-0.067,0.707],[-0.008,0.05],[-0.116,0.557],[-0.054,0.204],[-0.153,0.486],[-0.103,0.262],[-0.075,0.174],[-0.246,0.517],[-0.117,0.208],[-0.246,0.404],[-0.188,0.27],[-0.229,0.305],[-0.249,0.296],[-6.358,6.725],[-2.68,-1.203],[-0.25,-0.263],[-0.27,-0.304],[-0.154,-0.199],[-0.304,-0.42],[-0.066,-0.108],[-0.324,-0.536],[-0.012,-0.029],[-0.615,-1.256],[-0.008,-0.042],[-0.167,-0.624],[-0.029,-0.166],[-0.079,-0.516],[-0.025,-0.311],[-0.016,-0.395],[0.004,-0.374],[0.021,-0.367],[0.033,-0.316],[0.067,-0.429],[0.05,-0.224],[0.129,-0.512],[0.049,-0.153],[0.192,-0.553],[0.088,-0.195],[0.187,-0.403],[0.125,-0.233],[0.284,-0.471],[0.283,-0.399],[0.146,-0.184],[0.299,-0.35],[0.266,-0.27],[0.088,-0.084],[0.4,-0.362],[0.104,-0.079],[0.324,-0.238],[0.167,-0.113],[0.295,-0.183],[0.241,-0.138],[0.34,-0.175],[0.283,-0.124],[0.171,-0.067],[0.32,-0.121],[0.063,-0.016],[0.754,-0.237],[0.038,-0.008],[0.388,-0.075],[0.092,-0.017],[1.123,-0.149],[0.221,0.004],[0.287,0.017],[0.379,0.034],[0.13,0.016],[0.587,0.095],[0.092,-0.582],[-0.133,-0.021],[-0.433,-0.062],[-0.283,-0.025],[-0.291,-0.017],[-0.308,-0.004]],"v":[[-0.483,-24.494],[-1.02,-24.464],[-2.988,-24.306],[-3.604,-24.227],[-4.661,-24.048],[-5.247,-23.92],[-6.961,-23.478],[-7.694,-23.258],[-8.539,-22.954],[-9.392,-22.621],[-10.103,-22.317],[-11.568,-21.602],[-11.93,-21.398],[-13.132,-20.686],[-13.565,-20.403],[-14.776,-19.55],[-15.018,-19.371],[-16.416,-18.202],[-16.648,-17.986],[-17.348,-17.324],[-17.584,-17.062],[-18.583,-15.96],[-19.099,-15.364],[-20.048,-14.083],[-21.026,-12.576],[-21.488,-11.811],[-22.133,-10.517],[-22.378,-10.03],[-22.474,-9.789],[-22.803,-9.015],[-23.352,-7.479],[-23.556,-6.801],[-23.997,-5.049],[-24.088,-4.57],[-24.379,-2.586],[-24.413,-2.265],[-24.513,-0.16],[-24.521,0.002],[-24.513,0.185],[-24.417,2.154],[-24.354,2.748],[-24.118,4.363],[-23.93,5.287],[-23.623,6.539],[-22.095,10.588],[-21.941,10.92],[-21.296,12.127],[-20.693,13.134],[-20.219,13.859],[-19.162,15.286],[-18.862,15.652],[-17.427,17.242],[-17.348,17.329],[-17.331,17.341],[-10.045,22.36],[-0.059,24.502],[17.292,17.333],[17.301,17.329],[17.401,17.216],[18.75,15.735],[19.157,15.232],[20.064,14.012],[20.501,13.384],[21.346,11.973],[22.024,10.655],[22.332,10.026],[22.427,9.806],[22.777,8.969],[23.343,7.388],[23.53,6.731],[23.984,4.909],[24.013,4.767],[24.358,2.454],[24.363,2.432],[24.363,-2.382],[24.35,-2.494],[24.021,-4.725],[23.951,-5.041],[23.518,-6.772],[23.305,-7.483],[22.798,-8.898],[22.477,-9.697],[21.853,-11.037],[21.829,-11.074],[17.305,-17.324],[15.075,-19.301],[13.577,-19.122],[13.76,-17.624],[15.799,-15.818],[20.518,-8.857],[20.817,-8.12],[21.271,-6.851],[21.479,-6.172],[21.866,-4.612],[21.932,-4.309],[22.232,-2.286],[22.245,-2.178],[22.348,0.002],[22.241,2.216],[22.236,2.246],[21.928,4.342],[21.899,4.492],[21.483,6.14],[21.308,6.744],[20.796,8.179],[20.472,8.953],[20.235,9.468],[19.457,10.983],[19.086,11.603],[18.321,12.785],[17.726,13.583],[17.018,14.47],[16.24,15.331],[-9.175,20.412],[-16.099,15.532],[-16.819,14.732],[-17.61,13.8],[-18.059,13.197],[-18.937,11.919],[-19.133,11.59],[-20.044,9.955],[-20.082,9.868],[-21.575,5.949],[-21.608,5.815],[-22.029,3.93],[-22.104,3.427],[-22.299,1.874],[-22.345,0.934],[-22.378,-0.252],[-22.324,-1.358],[-22.245,-2.461],[-22.108,-3.401],[-21.887,-4.692],[-21.721,-5.357],[-21.296,-6.893],[-21.13,-7.355],[-20.485,-9.015],[-20.21,-9.589],[-19.615,-10.779],[-19.208,-11.465],[-18.313,-12.847],[-17.435,-14.028],[-16.981,-14.557],[-16.049,-15.589],[-15.238,-16.379],[-14.976,-16.629],[-13.736,-17.665],[-13.419,-17.902],[-12.438,-18.593],[-11.938,-18.922],[-11.043,-19.45],[-10.319,-19.85],[-9.288,-20.354],[-8.431,-20.715],[-7.91,-20.919],[-6.941,-21.265],[-6.758,-21.319],[-4.461,-21.914],[-4.349,-21.939],[-3.184,-22.134],[-2.9,-22.172],[0.499,-22.355],[1.157,-22.334],[2.009,-22.272],[3.145,-22.138],[3.537,-22.088],[4.755,-22.971],[3.874,-24.198],[3.478,-24.244],[2.176,-24.398],[1.327,-24.456],[0.445,-24.485]],"c":true},"ix":2},"nm":"Path 12","mn":"ADBE Vector Shape - Group","hd":false},{"ty":"mm","mm":1,"nm":"Merge Paths 1","mn":"ADBE Vector Filter - Merge","hd":false},{"ty":"fl","c":{"a":0,"k":[1,1,1,1],"ix":4},"o":{"a":0,"k":100,"ix":5},"r":1,"nm":"Fill 1","mn":"ADBE Vector Graphic - Fill","hd":false},{"ty":"tr","p":{"a":0,"k":[31.021,32.998],"ix":2},"a":{"a":0,"k":[0,0],"ix":1},"s":{"a":0,"k":[100,100],"ix":3},"r":{"a":0,"k":0,"ix":6},"o":{"a":0,"k":100,"ix":7},"sk":{"a":0,"k":0,"ix":4},"sa":{"a":0,"k":0,"ix":5},"nm":"Transform"}],"nm":"Group 3","np":13,"cix":2,"ix":1,"mn":"ADBE Vector Group","hd":false},{"ty":"gr","it":[{"ind":0,"ty":"sh","ix":1,"ks":{"a":0,"k":{"i":[[15.992,0],[0,-15.992],[-15.992,0],[0,15.992]],"o":[[-15.992,0],[0,15.992],[15.992,0],[0,-15.992]],"v":[[0,-29],[-29,0],[0,29],[29,0]],"c":true},"ix":2},"nm":"Path 1","mn":"ADBE Vector Shape - Group","hd":false},{"ty":"st","c":{"a":0,"k":[1,1,1,1],"ix":3},"o":{"a":0,"k":100,"ix":4},"w":{"a":0,"k":1,"ix":5},"lc":1,"lj":1,"ml":10,"nm":"Stroke 1","mn":"ADBE Vector Graphic - Stroke","hd":false},{"ty":"tr","p":{"a":0,"k":[31,33],"ix":2},"a":{"a":0,"k":[0,0],"ix":1},"s":{"a":0,"k":[100,100],"ix":3},"r":{"a":0,"k":0,"ix":6},"o":{"a":0,"k":100,"ix":7},"sk":{"a":0,"k":0,"ix":4},"sa":{"a":0,"k":0,"ix":5},"nm":"Transform"}],"nm":"Group 4","np":2,"cix":2,"ix":2,"mn":"ADBE Vector Group","hd":false}],"ip":75,"op":100,"st":75,"bm":0},{"ddd":0,"ind":13,"ty":3,"nm":"Null 7","sr":1,"ks":{"o":{"a":0,"k":0,"ix":11},"r":{"a":0,"k":0,"ix":10},"p":{"a":0,"k":[256,256,0],"ix":2},"a":{"a":0,"k":[0,0,0],"ix":1},"s":{"a":1,"k":[{"i":{"x":[0.833,0.833,0.833],"y":[0.833,0.833,0.833]},"o":{"x":[0.167,0.167,0.167],"y":[0.167,0.167,0.167]},"n":["0p833_0p833_0p167_0p167","0p833_0p833_0p167_0p167","0p833_0p833_0p167_0p167"],"t":75,"s":[0,0,100],"e":[100,100,100]},{"t":87}],"ix":6}},"ao":0,"ip":75,"op":100,"st":0,"bm":0},{"ddd":0,"ind":14,"ty":4,"nm":"v 16","parent":15,"sr":1,"ks":{"o":{"a":0,"k":100,"ix":11},"r":{"a":1,"k":[{"i":{"x":[0.833],"y":[0.833]},"o":{"x":[0.167],"y":[0.167]},"n":["0p833_0p833_0p167_0p167"],"t":75,"s":[270],"e":[278]},{"i":{"x":[0.833],"y":[0.833]},"o":{"x":[0.167],"y":[0.167]},"n":["0p833_0p833_0p167_0p167"],"t":80,"s":[278],"e":[315]},{"i":{"x":[0.833],"y":[0.833]},"o":{"x":[0.167],"y":[0.167]},"n":["0p833_0p833_0p167_0p167"],"t":86,"s":[315],"e":[360]},{"t":99}],"ix":10},"p":{"a":0,"k":[0,0,0],"ix":2},"a":{"a":0,"k":[4.5,32.5,0],"ix":1},"s":{"a":0,"k":[363,363,100],"ix":6}},"ao":0,"shapes":[{"ty":"gr","it":[{"d":1,"ty":"el","s":{"a":0,"k":[131,131],"ix":2},"p":{"a":0,"k":[0,0],"ix":3},"nm":"Ellipse Path 1","mn":"ADBE Vector Shape - Ellipse","hd":false},{"ty":"st","c":{"a":0,"k":[0.317647058824,0.752941176471,1,1],"ix":3},"o":{"a":0,"k":100,"ix":4},"w":{"a":0,"k":3,"ix":5},"lc":2,"lj":1,"ml":4,"nm":"Stroke 1","mn":"ADBE Vector Graphic - Stroke","hd":false},{"ty":"tr","p":{"a":0,"k":[4.5,32.5],"ix":2},"a":{"a":0,"k":[0,0],"ix":1},"s":{"a":0,"k":[100,100],"ix":3},"r":{"a":0,"k":0,"ix":6},"o":{"a":0,"k":100,"ix":7},"sk":{"a":0,"k":0,"ix":4},"sa":{"a":0,"k":0,"ix":5},"nm":"Transform"}],"nm":"Ellipse 1","np":3,"cix":2,"ix":1,"mn":"ADBE Vector Group","hd":false},{"ty":"tm","s":{"a":1,"k":[{"i":{"x":[0.833],"y":[0.833]},"o":{"x":[0.167],"y":[0.167]},"n":["0p833_0p833_0p167_0p167"],"t":75,"s":[75],"e":[76]},{"i":{"x":[0.833],"y":[0.833]},"o":{"x":[0.167],"y":[0.167]},"n":["0p833_0p833_0p167_0p167"],"t":86,"s":[76],"e":[100]},{"t":94}],"ix":1},"e":{"a":1,"k":[{"i":{"x":[0.833],"y":[0.833]},"o":{"x":[0.167],"y":[0.167]},"n":["0p833_0p833_0p167_0p167"],"t":92,"s":[74],"e":[99]},{"t":99}],"ix":2},"o":{"a":0,"k":0,"ix":3},"m":1,"ix":2,"nm":"Trim Paths 1","mn":"ADBE Vector Filter - Trim","hd":false}],"ip":75,"op":101,"st":80,"bm":0},{"ddd":0,"ind":15,"ty":3,"nm":"Null 3","parent":42,"sr":1,"ks":{"o":{"a":0,"k":0,"ix":11},"r":{"a":0,"k":180,"ix":10},"p":{"a":0,"k":[0,0,0],"ix":2},"a":{"a":0,"k":[0,0,0],"ix":1},"s":{"a":0,"k":[100,100,100],"ix":6}},"ao":0,"ip":75,"op":101,"st":75,"bm":0},{"ddd":0,"ind":16,"ty":4,"nm":"v 15","parent":17,"sr":1,"ks":{"o":{"a":0,"k":100,"ix":11},"r":{"a":1,"k":[{"i":{"x":[0.833],"y":[0.833]},"o":{"x":[0.167],"y":[0.167]},"n":["0p833_0p833_0p167_0p167"],"t":75,"s":[180],"e":[188]},{"i":{"x":[0.833],"y":[0.833]},"o":{"x":[0.167],"y":[0.167]},"n":["0p833_0p833_0p167_0p167"],"t":80,"s":[188],"e":[225]},{"i":{"x":[0.833],"y":[0.833]},"o":{"x":[0.167],"y":[0.167]},"n":["0p833_0p833_0p167_0p167"],"t":86,"s":[225],"e":[270]},{"t":99}],"ix":10},"p":{"a":0,"k":[0,0,0],"ix":2},"a":{"a":0,"k":[4.5,32.5,0],"ix":1},"s":{"a":0,"k":[363,363,100],"ix":6}},"ao":0,"shapes":[{"ty":"gr","it":[{"d":1,"ty":"el","s":{"a":0,"k":[131,131],"ix":2},"p":{"a":0,"k":[0,0],"ix":3},"nm":"Ellipse Path 1","mn":"ADBE Vector Shape - Ellipse","hd":false},{"ty":"st","c":{"a":0,"k":[0.317647058824,0.752941176471,1,1],"ix":3},"o":{"a":0,"k":100,"ix":4},"w":{"a":0,"k":3,"ix":5},"lc":2,"lj":1,"ml":4,"nm":"Stroke 1","mn":"ADBE Vector Graphic - Stroke","hd":false},{"ty":"tr","p":{"a":0,"k":[4.5,32.5],"ix":2},"a":{"a":0,"k":[0,0],"ix":1},"s":{"a":0,"k":[100,100],"ix":3},"r":{"a":0,"k":0,"ix":6},"o":{"a":0,"k":100,"ix":7},"sk":{"a":0,"k":0,"ix":4},"sa":{"a":0,"k":0,"ix":5},"nm":"Transform"}],"nm":"Ellipse 1","np":3,"cix":2,"ix":1,"mn":"ADBE Vector Group","hd":false},{"ty":"tm","s":{"a":1,"k":[{"i":{"x":[0.833],"y":[0.833]},"o":{"x":[0.167],"y":[0.167]},"n":["0p833_0p833_0p167_0p167"],"t":75,"s":[75],"e":[76]},{"i":{"x":[0.833],"y":[0.833]},"o":{"x":[0.167],"y":[0.167]},"n":["0p833_0p833_0p167_0p167"],"t":86,"s":[76],"e":[100]},{"t":94}],"ix":1},"e":{"a":1,"k":[{"i":{"x":[0.833],"y":[0.833]},"o":{"x":[0.167],"y":[0.167]},"n":["0p833_0p833_0p167_0p167"],"t":92,"s":[74],"e":[99]},{"t":99}],"ix":2},"o":{"a":0,"k":0,"ix":3},"m":1,"ix":2,"nm":"Trim Paths 1","mn":"ADBE Vector Filter - Trim","hd":false}],"ip":75,"op":101,"st":80,"bm":0},{"ddd":0,"ind":17,"ty":3,"nm":"Null 2","parent":42,"sr":1,"ks":{"o":{"a":0,"k":0,"ix":11},"r":{"a":0,"k":90,"ix":10},"p":{"a":0,"k":[0,0,0],"ix":2},"a":{"a":0,"k":[0,0,0],"ix":1},"s":{"a":0,"k":[100,100,100],"ix":6}},"ao":0,"ip":75,"op":101,"st":75,"bm":0},{"ddd":0,"ind":18,"ty":4,"nm":"v 14","parent":19,"sr":1,"ks":{"o":{"a":0,"k":100,"ix":11},"r":{"a":1,"k":[{"i":{"x":[0.833],"y":[0.833]},"o":{"x":[0.167],"y":[0.167]},"n":["0p833_0p833_0p167_0p167"],"t":75,"s":[0],"e":[8]},{"i":{"x":[0.833],"y":[0.833]},"o":{"x":[0.167],"y":[0.167]},"n":["0p833_0p833_0p167_0p167"],"t":80,"s":[8],"e":[45]},{"i":{"x":[0.833],"y":[0.833]},"o":{"x":[0.167],"y":[0.167]},"n":["0p833_0p833_0p167_0p167"],"t":86,"s":[45],"e":[90]},{"t":99}],"ix":10},"p":{"a":0,"k":[0,0,0],"ix":2},"a":{"a":0,"k":[4.5,32.5,0],"ix":1},"s":{"a":0,"k":[363,363,100],"ix":6}},"ao":0,"shapes":[{"ty":"gr","it":[{"d":1,"ty":"el","s":{"a":0,"k":[131,131],"ix":2},"p":{"a":0,"k":[0,0],"ix":3},"nm":"Ellipse Path 1","mn":"ADBE Vector Shape - Ellipse","hd":false},{"ty":"st","c":{"a":0,"k":[0.317647058824,0.752941176471,1,1],"ix":3},"o":{"a":0,"k":100,"ix":4},"w":{"a":0,"k":3,"ix":5},"lc":2,"lj":1,"ml":4,"nm":"Stroke 1","mn":"ADBE Vector Graphic - Stroke","hd":false},{"ty":"tr","p":{"a":0,"k":[4.5,32.5],"ix":2},"a":{"a":0,"k":[0,0],"ix":1},"s":{"a":0,"k":[100,100],"ix":3},"r":{"a":0,"k":0,"ix":6},"o":{"a":0,"k":100,"ix":7},"sk":{"a":0,"k":0,"ix":4},"sa":{"a":0,"k":0,"ix":5},"nm":"Transform"}],"nm":"Ellipse 1","np":3,"cix":2,"ix":1,"mn":"ADBE Vector Group","hd":false},{"ty":"tm","s":{"a":1,"k":[{"i":{"x":[0.833],"y":[0.833]},"o":{"x":[0.167],"y":[0.167]},"n":["0p833_0p833_0p167_0p167"],"t":75,"s":[75],"e":[76]},{"i":{"x":[0.833],"y":[0.833]},"o":{"x":[0.167],"y":[0.167]},"n":["0p833_0p833_0p167_0p167"],"t":86,"s":[76],"e":[100]},{"t":94}],"ix":1},"e":{"a":1,"k":[{"i":{"x":[0.833],"y":[0.833]},"o":{"x":[0.167],"y":[0.167]},"n":["0p833_0p833_0p167_0p167"],"t":92,"s":[74],"e":[99]},{"t":99}],"ix":2},"o":{"a":0,"k":0,"ix":3},"m":1,"ix":2,"nm":"Trim Paths 1","mn":"ADBE Vector Filter - Trim","hd":false}],"ip":75,"op":101,"st":80,"bm":0},{"ddd":0,"ind":19,"ty":3,"nm":"Null 1","parent":42,"sr":1,"ks":{"o":{"a":0,"k":0,"ix":11},"r":{"a":0,"k":180,"ix":10},"p":{"a":0,"k":[0,0,0],"ix":2},"a":{"a":0,"k":[0,0,0],"ix":1},"s":{"a":0,"k":[100,100,100],"ix":6}},"ao":0,"ip":75,"op":101,"st":75,"bm":0},{"ddd":0,"ind":20,"ty":4,"nm":"v 13","parent":42,"sr":1,"ks":{"o":{"a":0,"k":100,"ix":11},"r":{"a":1,"k":[{"i":{"x":[0.833],"y":[0.833]},"o":{"x":[0.167],"y":[0.167]},"n":["0p833_0p833_0p167_0p167"],"t":75,"s":[0],"e":[8]},{"i":{"x":[0.833],"y":[0.833]},"o":{"x":[0.167],"y":[0.167]},"n":["0p833_0p833_0p167_0p167"],"t":80,"s":[8],"e":[45]},{"i":{"x":[0.833],"y":[0.833]},"o":{"x":[0.167],"y":[0.167]},"n":["0p833_0p833_0p167_0p167"],"t":86,"s":[45],"e":[90]},{"t":99}],"ix":10},"p":{"a":0,"k":[0,0,0],"ix":2},"a":{"a":0,"k":[4.5,32.5,0],"ix":1},"s":{"a":0,"k":[363,363,100],"ix":6}},"ao":0,"shapes":[{"ty":"gr","it":[{"d":1,"ty":"el","s":{"a":0,"k":[131,131],"ix":2},"p":{"a":0,"k":[0,0],"ix":3},"nm":"Ellipse Path 1","mn":"ADBE Vector Shape - Ellipse","hd":false},{"ty":"st","c":{"a":0,"k":[0.317647058824,0.752941176471,1,1],"ix":3},"o":{"a":0,"k":100,"ix":4},"w":{"a":0,"k":3,"ix":5},"lc":2,"lj":1,"ml":4,"nm":"Stroke 1","mn":"ADBE Vector Graphic - Stroke","hd":false},{"ty":"tr","p":{"a":0,"k":[4.5,32.5],"ix":2},"a":{"a":0,"k":[0,0],"ix":1},"s":{"a":0,"k":[100,100],"ix":3},"r":{"a":0,"k":0,"ix":6},"o":{"a":0,"k":100,"ix":7},"sk":{"a":0,"k":0,"ix":4},"sa":{"a":0,"k":0,"ix":5},"nm":"Transform"}],"nm":"Ellipse 1","np":3,"cix":2,"ix":1,"mn":"ADBE Vector Group","hd":false},{"ty":"tm","s":{"a":1,"k":[{"i":{"x":[0.833],"y":[0.833]},"o":{"x":[0.167],"y":[0.167]},"n":["0p833_0p833_0p167_0p167"],"t":75,"s":[75],"e":[76]},{"i":{"x":[0.833],"y":[0.833]},"o":{"x":[0.167],"y":[0.167]},"n":["0p833_0p833_0p167_0p167"],"t":86,"s":[76],"e":[100]},{"t":94}],"ix":1},"e":{"a":1,"k":[{"i":{"x":[0.833],"y":[0.833]},"o":{"x":[0.167],"y":[0.167]},"n":["0p833_0p833_0p167_0p167"],"t":92,"s":[74],"e":[99]},{"t":99}],"ix":2},"o":{"a":0,"k":0,"ix":3},"m":1,"ix":2,"nm":"Trim Paths 1","mn":"ADBE Vector Filter - Trim","hd":false}],"ip":75,"op":101,"st":80,"bm":0},{"ddd":0,"ind":21,"ty":4,"nm":"v 12","parent":22,"sr":1,"ks":{"o":{"a":0,"k":100,"ix":11},"r":{"a":1,"k":[{"i":{"x":[0.833],"y":[0.833]},"o":{"x":[0.167],"y":[0.167]},"n":["0p833_0p833_0p167_0p167"],"t":50,"s":[270],"e":[278]},{"i":{"x":[0.833],"y":[0.833]},"o":{"x":[0.167],"y":[0.167]},"n":["0p833_0p833_0p167_0p167"],"t":55,"s":[278],"e":[315]},{"i":{"x":[0.833],"y":[0.833]},"o":{"x":[0.167],"y":[0.167]},"n":["0p833_0p833_0p167_0p167"],"t":61,"s":[315],"e":[360]},{"t":74}],"ix":10},"p":{"a":0,"k":[0,0,0],"ix":2},"a":{"a":0,"k":[4.5,32.5,0],"ix":1},"s":{"a":0,"k":[363,363,100],"ix":6}},"ao":0,"shapes":[{"ty":"gr","it":[{"d":1,"ty":"el","s":{"a":0,"k":[131,131],"ix":2},"p":{"a":0,"k":[0,0],"ix":3},"nm":"Ellipse Path 1","mn":"ADBE Vector Shape - Ellipse","hd":false},{"ty":"st","c":{"a":0,"k":[1,0.509803921569,0.317647058824,1],"ix":3},"o":{"a":0,"k":100,"ix":4},"w":{"a":0,"k":3,"ix":5},"lc":2,"lj":1,"ml":4,"nm":"Stroke 1","mn":"ADBE Vector Graphic - Stroke","hd":false},{"ty":"tr","p":{"a":0,"k":[4.5,32.5],"ix":2},"a":{"a":0,"k":[0,0],"ix":1},"s":{"a":0,"k":[100,100],"ix":3},"r":{"a":0,"k":0,"ix":6},"o":{"a":0,"k":100,"ix":7},"sk":{"a":0,"k":0,"ix":4},"sa":{"a":0,"k":0,"ix":5},"nm":"Transform"}],"nm":"Ellipse 1","np":3,"cix":2,"ix":1,"mn":"ADBE Vector Group","hd":false},{"ty":"tm","s":{"a":1,"k":[{"i":{"x":[0.833],"y":[0.833]},"o":{"x":[0.167],"y":[0.167]},"n":["0p833_0p833_0p167_0p167"],"t":50,"s":[75],"e":[76]},{"i":{"x":[0.833],"y":[0.833]},"o":{"x":[0.167],"y":[0.167]},"n":["0p833_0p833_0p167_0p167"],"t":61,"s":[76],"e":[100]},{"t":69}],"ix":1},"e":{"a":1,"k":[{"i":{"x":[0.833],"y":[0.833]},"o":{"x":[0.167],"y":[0.167]},"n":["0p833_0p833_0p167_0p167"],"t":67,"s":[74],"e":[99]},{"t":74}],"ix":2},"o":{"a":0,"k":0,"ix":3},"m":1,"ix":2,"nm":"Trim Paths 1","mn":"ADBE Vector Filter - Trim","hd":false}],"ip":50,"op":76,"st":55,"bm":0},{"ddd":0,"ind":22,"ty":3,"nm":"Null 3","parent":42,"sr":1,"ks":{"o":{"a":0,"k":0,"ix":11},"r":{"a":0,"k":180,"ix":10},"p":{"a":0,"k":[0,0,0],"ix":2},"a":{"a":0,"k":[0,0,0],"ix":1},"s":{"a":0,"k":[100,100,100],"ix":6}},"ao":0,"ip":50,"op":76,"st":50,"bm":0},{"ddd":0,"ind":23,"ty":4,"nm":"v 11","parent":24,"sr":1,"ks":{"o":{"a":0,"k":100,"ix":11},"r":{"a":1,"k":[{"i":{"x":[0.833],"y":[0.833]},"o":{"x":[0.167],"y":[0.167]},"n":["0p833_0p833_0p167_0p167"],"t":50,"s":[180],"e":[188]},{"i":{"x":[0.833],"y":[0.833]},"o":{"x":[0.167],"y":[0.167]},"n":["0p833_0p833_0p167_0p167"],"t":55,"s":[188],"e":[225]},{"i":{"x":[0.833],"y":[0.833]},"o":{"x":[0.167],"y":[0.167]},"n":["0p833_0p833_0p167_0p167"],"t":61,"s":[225],"e":[270]},{"t":74}],"ix":10},"p":{"a":0,"k":[0,0,0],"ix":2},"a":{"a":0,"k":[4.5,32.5,0],"ix":1},"s":{"a":0,"k":[363,363,100],"ix":6}},"ao":0,"shapes":[{"ty":"gr","it":[{"d":1,"ty":"el","s":{"a":0,"k":[131,131],"ix":2},"p":{"a":0,"k":[0,0],"ix":3},"nm":"Ellipse Path 1","mn":"ADBE Vector Shape - Ellipse","hd":false},{"ty":"st","c":{"a":0,"k":[1,0.509803921569,0.317647058824,1],"ix":3},"o":{"a":0,"k":100,"ix":4},"w":{"a":0,"k":3,"ix":5},"lc":2,"lj":1,"ml":4,"nm":"Stroke 1","mn":"ADBE Vector Graphic - Stroke","hd":false},{"ty":"tr","p":{"a":0,"k":[4.5,32.5],"ix":2},"a":{"a":0,"k":[0,0],"ix":1},"s":{"a":0,"k":[100,100],"ix":3},"r":{"a":0,"k":0,"ix":6},"o":{"a":0,"k":100,"ix":7},"sk":{"a":0,"k":0,"ix":4},"sa":{"a":0,"k":0,"ix":5},"nm":"Transform"}],"nm":"Ellipse 1","np":3,"cix":2,"ix":1,"mn":"ADBE Vector Group","hd":false},{"ty":"tm","s":{"a":1,"k":[{"i":{"x":[0.833],"y":[0.833]},"o":{"x":[0.167],"y":[0.167]},"n":["0p833_0p833_0p167_0p167"],"t":50,"s":[75],"e":[76]},{"i":{"x":[0.833],"y":[0.833]},"o":{"x":[0.167],"y":[0.167]},"n":["0p833_0p833_0p167_0p167"],"t":61,"s":[76],"e":[100]},{"t":69}],"ix":1},"e":{"a":1,"k":[{"i":{"x":[0.833],"y":[0.833]},"o":{"x":[0.167],"y":[0.167]},"n":["0p833_0p833_0p167_0p167"],"t":67,"s":[74],"e":[99]},{"t":74}],"ix":2},"o":{"a":0,"k":0,"ix":3},"m":1,"ix":2,"nm":"Trim Paths 1","mn":"ADBE Vector Filter - Trim","hd":false}],"ip":50,"op":76,"st":55,"bm":0},{"ddd":0,"ind":24,"ty":3,"nm":"Null 2","parent":42,"sr":1,"ks":{"o":{"a":0,"k":0,"ix":11},"r":{"a":0,"k":90,"ix":10},"p":{"a":0,"k":[0,0,0],"ix":2},"a":{"a":0,"k":[0,0,0],"ix":1},"s":{"a":0,"k":[100,100,100],"ix":6}},"ao":0,"ip":50,"op":76,"st":50,"bm":0},{"ddd":0,"ind":25,"ty":4,"nm":"v 10","parent":26,"sr":1,"ks":{"o":{"a":0,"k":100,"ix":11},"r":{"a":1,"k":[{"i":{"x":[0.833],"y":[0.833]},"o":{"x":[0.167],"y":[0.167]},"n":["0p833_0p833_0p167_0p167"],"t":50,"s":[0],"e":[8]},{"i":{"x":[0.833],"y":[0.833]},"o":{"x":[0.167],"y":[0.167]},"n":["0p833_0p833_0p167_0p167"],"t":55,"s":[8],"e":[45]},{"i":{"x":[0.833],"y":[0.833]},"o":{"x":[0.167],"y":[0.167]},"n":["0p833_0p833_0p167_0p167"],"t":61,"s":[45],"e":[90]},{"t":74}],"ix":10},"p":{"a":0,"k":[0,0,0],"ix":2},"a":{"a":0,"k":[4.5,32.5,0],"ix":1},"s":{"a":0,"k":[363,363,100],"ix":6}},"ao":0,"shapes":[{"ty":"gr","it":[{"d":1,"ty":"el","s":{"a":0,"k":[131,131],"ix":2},"p":{"a":0,"k":[0,0],"ix":3},"nm":"Ellipse Path 1","mn":"ADBE Vector Shape - Ellipse","hd":false},{"ty":"st","c":{"a":0,"k":[1,0.509803921569,0.317647058824,1],"ix":3},"o":{"a":0,"k":100,"ix":4},"w":{"a":0,"k":3,"ix":5},"lc":2,"lj":1,"ml":4,"nm":"Stroke 1","mn":"ADBE Vector Graphic - Stroke","hd":false},{"ty":"tr","p":{"a":0,"k":[4.5,32.5],"ix":2},"a":{"a":0,"k":[0,0],"ix":1},"s":{"a":0,"k":[100,100],"ix":3},"r":{"a":0,"k":0,"ix":6},"o":{"a":0,"k":100,"ix":7},"sk":{"a":0,"k":0,"ix":4},"sa":{"a":0,"k":0,"ix":5},"nm":"Transform"}],"nm":"Ellipse 1","np":3,"cix":2,"ix":1,"mn":"ADBE Vector Group","hd":false},{"ty":"tm","s":{"a":1,"k":[{"i":{"x":[0.833],"y":[0.833]},"o":{"x":[0.167],"y":[0.167]},"n":["0p833_0p833_0p167_0p167"],"t":50,"s":[75],"e":[76]},{"i":{"x":[0.833],"y":[0.833]},"o":{"x":[0.167],"y":[0.167]},"n":["0p833_0p833_0p167_0p167"],"t":61,"s":[76],"e":[100]},{"t":69}],"ix":1},"e":{"a":1,"k":[{"i":{"x":[0.833],"y":[0.833]},"o":{"x":[0.167],"y":[0.167]},"n":["0p833_0p833_0p167_0p167"],"t":67,"s":[74],"e":[99]},{"t":74}],"ix":2},"o":{"a":0,"k":0,"ix":3},"m":1,"ix":2,"nm":"Trim Paths 1","mn":"ADBE Vector Filter - Trim","hd":false}],"ip":50,"op":76,"st":55,"bm":0},{"ddd":0,"ind":26,"ty":3,"nm":"Null 1","parent":42,"sr":1,"ks":{"o":{"a":0,"k":0,"ix":11},"r":{"a":0,"k":180,"ix":10},"p":{"a":0,"k":[0,0,0],"ix":2},"a":{"a":0,"k":[0,0,0],"ix":1},"s":{"a":0,"k":[100,100,100],"ix":6}},"ao":0,"ip":50,"op":76,"st":50,"bm":0},{"ddd":0,"ind":27,"ty":4,"nm":"v 9","parent":42,"sr":1,"ks":{"o":{"a":0,"k":100,"ix":11},"r":{"a":1,"k":[{"i":{"x":[0.833],"y":[0.833]},"o":{"x":[0.167],"y":[0.167]},"n":["0p833_0p833_0p167_0p167"],"t":50,"s":[0],"e":[8]},{"i":{"x":[0.833],"y":[0.833]},"o":{"x":[0.167],"y":[0.167]},"n":["0p833_0p833_0p167_0p167"],"t":55,"s":[8],"e":[45]},{"i":{"x":[0.833],"y":[0.833]},"o":{"x":[0.167],"y":[0.167]},"n":["0p833_0p833_0p167_0p167"],"t":61,"s":[45],"e":[90]},{"t":74}],"ix":10},"p":{"a":0,"k":[0,0,0],"ix":2},"a":{"a":0,"k":[4.5,32.5,0],"ix":1},"s":{"a":0,"k":[363,363,100],"ix":6}},"ao":0,"shapes":[{"ty":"gr","it":[{"d":1,"ty":"el","s":{"a":0,"k":[131,131],"ix":2},"p":{"a":0,"k":[0,0],"ix":3},"nm":"Ellipse Path 1","mn":"ADBE Vector Shape - Ellipse","hd":false},{"ty":"st","c":{"a":0,"k":[1,0.509803921569,0.317647058824,1],"ix":3},"o":{"a":0,"k":100,"ix":4},"w":{"a":0,"k":3,"ix":5},"lc":2,"lj":1,"ml":4,"nm":"Stroke 1","mn":"ADBE Vector Graphic - Stroke","hd":false},{"ty":"tr","p":{"a":0,"k":[4.5,32.5],"ix":2},"a":{"a":0,"k":[0,0],"ix":1},"s":{"a":0,"k":[100,100],"ix":3},"r":{"a":0,"k":0,"ix":6},"o":{"a":0,"k":100,"ix":7},"sk":{"a":0,"k":0,"ix":4},"sa":{"a":0,"k":0,"ix":5},"nm":"Transform"}],"nm":"Ellipse 1","np":3,"cix":2,"ix":1,"mn":"ADBE Vector Group","hd":false},{"ty":"tm","s":{"a":1,"k":[{"i":{"x":[0.833],"y":[0.833]},"o":{"x":[0.167],"y":[0.167]},"n":["0p833_0p833_0p167_0p167"],"t":50,"s":[75],"e":[76]},{"i":{"x":[0.833],"y":[0.833]},"o":{"x":[0.167],"y":[0.167]},"n":["0p833_0p833_0p167_0p167"],"t":61,"s":[76],"e":[100]},{"t":69}],"ix":1},"e":{"a":1,"k":[{"i":{"x":[0.833],"y":[0.833]},"o":{"x":[0.167],"y":[0.167]},"n":["0p833_0p833_0p167_0p167"],"t":67,"s":[74],"e":[99]},{"t":74}],"ix":2},"o":{"a":0,"k":0,"ix":3},"m":1,"ix":2,"nm":"Trim Paths 1","mn":"ADBE Vector Filter - Trim","hd":false}],"ip":50,"op":76,"st":55,"bm":0},{"ddd":0,"ind":28,"ty":4,"nm":"v 8","parent":29,"sr":1,"ks":{"o":{"a":0,"k":100,"ix":11},"r":{"a":1,"k":[{"i":{"x":[0.833],"y":[0.833]},"o":{"x":[0.167],"y":[0.167]},"n":["0p833_0p833_0p167_0p167"],"t":25,"s":[270],"e":[278]},{"i":{"x":[0.833],"y":[0.833]},"o":{"x":[0.167],"y":[0.167]},"n":["0p833_0p833_0p167_0p167"],"t":30,"s":[278],"e":[315]},{"i":{"x":[0.833],"y":[0.833]},"o":{"x":[0.167],"y":[0.167]},"n":["0p833_0p833_0p167_0p167"],"t":36,"s":[315],"e":[360]},{"t":49}],"ix":10},"p":{"a":0,"k":[0,0,0],"ix":2},"a":{"a":0,"k":[4.5,32.5,0],"ix":1},"s":{"a":0,"k":[363,363,100],"ix":6}},"ao":0,"shapes":[{"ty":"gr","it":[{"d":1,"ty":"el","s":{"a":0,"k":[131,131],"ix":2},"p":{"a":0,"k":[0,0],"ix":3},"nm":"Ellipse Path 1","mn":"ADBE Vector Shape - Ellipse","hd":false},{"ty":"st","c":{"a":0,"k":[1,0.78431372549,0.317647058824,1],"ix":3},"o":{"a":0,"k":100,"ix":4},"w":{"a":0,"k":3,"ix":5},"lc":2,"lj":1,"ml":4,"nm":"Stroke 1","mn":"ADBE Vector Graphic - Stroke","hd":false},{"ty":"tr","p":{"a":0,"k":[4.5,32.5],"ix":2},"a":{"a":0,"k":[0,0],"ix":1},"s":{"a":0,"k":[100,100],"ix":3},"r":{"a":0,"k":0,"ix":6},"o":{"a":0,"k":100,"ix":7},"sk":{"a":0,"k":0,"ix":4},"sa":{"a":0,"k":0,"ix":5},"nm":"Transform"}],"nm":"Ellipse 1","np":3,"cix":2,"ix":1,"mn":"ADBE Vector Group","hd":false},{"ty":"tm","s":{"a":1,"k":[{"i":{"x":[0.833],"y":[0.833]},"o":{"x":[0.167],"y":[0.167]},"n":["0p833_0p833_0p167_0p167"],"t":25,"s":[75],"e":[76]},{"i":{"x":[0.833],"y":[0.833]},"o":{"x":[0.167],"y":[0.167]},"n":["0p833_0p833_0p167_0p167"],"t":36,"s":[76],"e":[100]},{"t":44}],"ix":1},"e":{"a":1,"k":[{"i":{"x":[0.833],"y":[0.833]},"o":{"x":[0.167],"y":[0.167]},"n":["0p833_0p833_0p167_0p167"],"t":42,"s":[74],"e":[99]},{"t":49}],"ix":2},"o":{"a":0,"k":0,"ix":3},"m":1,"ix":2,"nm":"Trim Paths 1","mn":"ADBE Vector Filter - Trim","hd":false}],"ip":25,"op":51,"st":30,"bm":0},{"ddd":0,"ind":29,"ty":3,"nm":"Null 3","parent":42,"sr":1,"ks":{"o":{"a":0,"k":0,"ix":11},"r":{"a":0,"k":180,"ix":10},"p":{"a":0,"k":[0,0,0],"ix":2},"a":{"a":0,"k":[0,0,0],"ix":1},"s":{"a":0,"k":[100,100,100],"ix":6}},"ao":0,"ip":25,"op":51,"st":25,"bm":0},{"ddd":0,"ind":30,"ty":4,"nm":"v 7","parent":31,"sr":1,"ks":{"o":{"a":0,"k":100,"ix":11},"r":{"a":1,"k":[{"i":{"x":[0.833],"y":[0.833]},"o":{"x":[0.167],"y":[0.167]},"n":["0p833_0p833_0p167_0p167"],"t":25,"s":[180],"e":[188]},{"i":{"x":[0.833],"y":[0.833]},"o":{"x":[0.167],"y":[0.167]},"n":["0p833_0p833_0p167_0p167"],"t":30,"s":[188],"e":[225]},{"i":{"x":[0.833],"y":[0.833]},"o":{"x":[0.167],"y":[0.167]},"n":["0p833_0p833_0p167_0p167"],"t":36,"s":[225],"e":[270]},{"t":49}],"ix":10},"p":{"a":0,"k":[0,0,0],"ix":2},"a":{"a":0,"k":[4.5,32.5,0],"ix":1},"s":{"a":0,"k":[363,363,100],"ix":6}},"ao":0,"shapes":[{"ty":"gr","it":[{"d":1,"ty":"el","s":{"a":0,"k":[131,131],"ix":2},"p":{"a":0,"k":[0,0],"ix":3},"nm":"Ellipse Path 1","mn":"ADBE Vector Shape - Ellipse","hd":false},{"ty":"st","c":{"a":0,"k":[1,0.78431372549,0.317647058824,1],"ix":3},"o":{"a":0,"k":100,"ix":4},"w":{"a":0,"k":3,"ix":5},"lc":2,"lj":1,"ml":4,"nm":"Stroke 1","mn":"ADBE Vector Graphic - Stroke","hd":false},{"ty":"tr","p":{"a":0,"k":[4.5,32.5],"ix":2},"a":{"a":0,"k":[0,0],"ix":1},"s":{"a":0,"k":[100,100],"ix":3},"r":{"a":0,"k":0,"ix":6},"o":{"a":0,"k":100,"ix":7},"sk":{"a":0,"k":0,"ix":4},"sa":{"a":0,"k":0,"ix":5},"nm":"Transform"}],"nm":"Ellipse 1","np":3,"cix":2,"ix":1,"mn":"ADBE Vector Group","hd":false},{"ty":"tm","s":{"a":1,"k":[{"i":{"x":[0.833],"y":[0.833]},"o":{"x":[0.167],"y":[0.167]},"n":["0p833_0p833_0p167_0p167"],"t":25,"s":[75],"e":[76]},{"i":{"x":[0.833],"y":[0.833]},"o":{"x":[0.167],"y":[0.167]},"n":["0p833_0p833_0p167_0p167"],"t":36,"s":[76],"e":[100]},{"t":44}],"ix":1},"e":{"a":1,"k":[{"i":{"x":[0.833],"y":[0.833]},"o":{"x":[0.167],"y":[0.167]},"n":["0p833_0p833_0p167_0p167"],"t":42,"s":[74],"e":[99]},{"t":49}],"ix":2},"o":{"a":0,"k":0,"ix":3},"m":1,"ix":2,"nm":"Trim Paths 1","mn":"ADBE Vector Filter - Trim","hd":false}],"ip":25,"op":51,"st":30,"bm":0},{"ddd":0,"ind":31,"ty":3,"nm":"Null 2","parent":42,"sr":1,"ks":{"o":{"a":0,"k":0,"ix":11},"r":{"a":0,"k":90,"ix":10},"p":{"a":0,"k":[0,0,0],"ix":2},"a":{"a":0,"k":[0,0,0],"ix":1},"s":{"a":0,"k":[100,100,100],"ix":6}},"ao":0,"ip":25,"op":51,"st":25,"bm":0},{"ddd":0,"ind":32,"ty":4,"nm":"v 6","parent":33,"sr":1,"ks":{"o":{"a":0,"k":100,"ix":11},"r":{"a":1,"k":[{"i":{"x":[0.833],"y":[0.833]},"o":{"x":[0.167],"y":[0.167]},"n":["0p833_0p833_0p167_0p167"],"t":25,"s":[0],"e":[8]},{"i":{"x":[0.833],"y":[0.833]},"o":{"x":[0.167],"y":[0.167]},"n":["0p833_0p833_0p167_0p167"],"t":30,"s":[8],"e":[45]},{"i":{"x":[0.833],"y":[0.833]},"o":{"x":[0.167],"y":[0.167]},"n":["0p833_0p833_0p167_0p167"],"t":36,"s":[45],"e":[90]},{"t":49}],"ix":10},"p":{"a":0,"k":[0,0,0],"ix":2},"a":{"a":0,"k":[4.5,32.5,0],"ix":1},"s":{"a":0,"k":[363,363,100],"ix":6}},"ao":0,"shapes":[{"ty":"gr","it":[{"d":1,"ty":"el","s":{"a":0,"k":[131,131],"ix":2},"p":{"a":0,"k":[0,0],"ix":3},"nm":"Ellipse Path 1","mn":"ADBE Vector Shape - Ellipse","hd":false},{"ty":"st","c":{"a":0,"k":[1,0.78431372549,0.317647058824,1],"ix":3},"o":{"a":0,"k":100,"ix":4},"w":{"a":0,"k":3,"ix":5},"lc":2,"lj":1,"ml":4,"nm":"Stroke 1","mn":"ADBE Vector Graphic - Stroke","hd":false},{"ty":"tr","p":{"a":0,"k":[4.5,32.5],"ix":2},"a":{"a":0,"k":[0,0],"ix":1},"s":{"a":0,"k":[100,100],"ix":3},"r":{"a":0,"k":0,"ix":6},"o":{"a":0,"k":100,"ix":7},"sk":{"a":0,"k":0,"ix":4},"sa":{"a":0,"k":0,"ix":5},"nm":"Transform"}],"nm":"Ellipse 1","np":3,"cix":2,"ix":1,"mn":"ADBE Vector Group","hd":false},{"ty":"tm","s":{"a":1,"k":[{"i":{"x":[0.833],"y":[0.833]},"o":{"x":[0.167],"y":[0.167]},"n":["0p833_0p833_0p167_0p167"],"t":25,"s":[75],"e":[76]},{"i":{"x":[0.833],"y":[0.833]},"o":{"x":[0.167],"y":[0.167]},"n":["0p833_0p833_0p167_0p167"],"t":36,"s":[76],"e":[100]},{"t":44}],"ix":1},"e":{"a":1,"k":[{"i":{"x":[0.833],"y":[0.833]},"o":{"x":[0.167],"y":[0.167]},"n":["0p833_0p833_0p167_0p167"],"t":42,"s":[74],"e":[99]},{"t":49}],"ix":2},"o":{"a":0,"k":0,"ix":3},"m":1,"ix":2,"nm":"Trim Paths 1","mn":"ADBE Vector Filter - Trim","hd":false}],"ip":25,"op":51,"st":30,"bm":0},{"ddd":0,"ind":33,"ty":3,"nm":"Null 1","parent":42,"sr":1,"ks":{"o":{"a":0,"k":0,"ix":11},"r":{"a":0,"k":180,"ix":10},"p":{"a":0,"k":[0,0,0],"ix":2},"a":{"a":0,"k":[0,0,0],"ix":1},"s":{"a":0,"k":[100,100,100],"ix":6}},"ao":0,"ip":25,"op":51,"st":25,"bm":0},{"ddd":0,"ind":34,"ty":4,"nm":"v 5","parent":42,"sr":1,"ks":{"o":{"a":0,"k":100,"ix":11},"r":{"a":1,"k":[{"i":{"x":[0.833],"y":[0.833]},"o":{"x":[0.167],"y":[0.167]},"n":["0p833_0p833_0p167_0p167"],"t":25,"s":[0],"e":[8]},{"i":{"x":[0.833],"y":[0.833]},"o":{"x":[0.167],"y":[0.167]},"n":["0p833_0p833_0p167_0p167"],"t":30,"s":[8],"e":[45]},{"i":{"x":[0.833],"y":[0.833]},"o":{"x":[0.167],"y":[0.167]},"n":["0p833_0p833_0p167_0p167"],"t":36,"s":[45],"e":[90]},{"t":49}],"ix":10},"p":{"a":0,"k":[0,0,0],"ix":2},"a":{"a":0,"k":[4.5,32.5,0],"ix":1},"s":{"a":0,"k":[363,363,100],"ix":6}},"ao":0,"shapes":[{"ty":"gr","it":[{"d":1,"ty":"el","s":{"a":0,"k":[131,131],"ix":2},"p":{"a":0,"k":[0,0],"ix":3},"nm":"Ellipse Path 1","mn":"ADBE Vector Shape - Ellipse","hd":false},{"ty":"st","c":{"a":0,"k":[1,0.78431372549,0.317647058824,1],"ix":3},"o":{"a":0,"k":100,"ix":4},"w":{"a":0,"k":3,"ix":5},"lc":2,"lj":1,"ml":4,"nm":"Stroke 1","mn":"ADBE Vector Graphic - Stroke","hd":false},{"ty":"tr","p":{"a":0,"k":[4.5,32.5],"ix":2},"a":{"a":0,"k":[0,0],"ix":1},"s":{"a":0,"k":[100,100],"ix":3},"r":{"a":0,"k":0,"ix":6},"o":{"a":0,"k":100,"ix":7},"sk":{"a":0,"k":0,"ix":4},"sa":{"a":0,"k":0,"ix":5},"nm":"Transform"}],"nm":"Ellipse 1","np":3,"cix":2,"ix":1,"mn":"ADBE Vector Group","hd":false},{"ty":"tm","s":{"a":1,"k":[{"i":{"x":[0.833],"y":[0.833]},"o":{"x":[0.167],"y":[0.167]},"n":["0p833_0p833_0p167_0p167"],"t":25,"s":[75],"e":[76]},{"i":{"x":[0.833],"y":[0.833]},"o":{"x":[0.167],"y":[0.167]},"n":["0p833_0p833_0p167_0p167"],"t":36,"s":[76],"e":[100]},{"t":44}],"ix":1},"e":{"a":1,"k":[{"i":{"x":[0.833],"y":[0.833]},"o":{"x":[0.167],"y":[0.167]},"n":["0p833_0p833_0p167_0p167"],"t":42,"s":[74],"e":[99]},{"t":49}],"ix":2},"o":{"a":0,"k":0,"ix":3},"m":1,"ix":2,"nm":"Trim Paths 1","mn":"ADBE Vector Filter - Trim","hd":false}],"ip":25,"op":51,"st":30,"bm":0},{"ddd":0,"ind":35,"ty":4,"nm":"v 4","parent":36,"sr":1,"ks":{"o":{"a":0,"k":100,"ix":11},"r":{"a":1,"k":[{"i":{"x":[0.833],"y":[0.833]},"o":{"x":[0.167],"y":[0.167]},"n":["0p833_0p833_0p167_0p167"],"t":0,"s":[270],"e":[278]},{"i":{"x":[0.833],"y":[0.833]},"o":{"x":[0.167],"y":[0.167]},"n":["0p833_0p833_0p167_0p167"],"t":5,"s":[278],"e":[315]},{"i":{"x":[0.833],"y":[0.833]},"o":{"x":[0.167],"y":[0.167]},"n":["0p833_0p833_0p167_0p167"],"t":11,"s":[315],"e":[360]},{"t":24}],"ix":10},"p":{"a":0,"k":[0,0,0],"ix":2},"a":{"a":0,"k":[4.5,32.5,0],"ix":1},"s":{"a":0,"k":[363,363,100],"ix":6}},"ao":0,"shapes":[{"ty":"gr","it":[{"d":1,"ty":"el","s":{"a":0,"k":[131,131],"ix":2},"p":{"a":0,"k":[0,0],"ix":3},"nm":"Ellipse Path 1","mn":"ADBE Vector Shape - Ellipse","hd":false},{"ty":"st","c":{"a":0,"k":[1,0.317647058824,0.43137254902,1],"ix":3},"o":{"a":0,"k":100,"ix":4},"w":{"a":0,"k":3,"ix":5},"lc":2,"lj":1,"ml":4,"nm":"Stroke 1","mn":"ADBE Vector Graphic - Stroke","hd":false},{"ty":"tr","p":{"a":0,"k":[4.5,32.5],"ix":2},"a":{"a":0,"k":[0,0],"ix":1},"s":{"a":0,"k":[100,100],"ix":3},"r":{"a":0,"k":0,"ix":6},"o":{"a":0,"k":100,"ix":7},"sk":{"a":0,"k":0,"ix":4},"sa":{"a":0,"k":0,"ix":5},"nm":"Transform"}],"nm":"Ellipse 1","np":3,"cix":2,"ix":1,"mn":"ADBE Vector Group","hd":false},{"ty":"tm","s":{"a":1,"k":[{"i":{"x":[0.833],"y":[0.833]},"o":{"x":[0.167],"y":[0.167]},"n":["0p833_0p833_0p167_0p167"],"t":0,"s":[75],"e":[76]},{"i":{"x":[0.833],"y":[0.833]},"o":{"x":[0.167],"y":[0.167]},"n":["0p833_0p833_0p167_0p167"],"t":11,"s":[76],"e":[100]},{"t":19}],"ix":1},"e":{"a":1,"k":[{"i":{"x":[0.833],"y":[0.833]},"o":{"x":[0.167],"y":[0.167]},"n":["0p833_0p833_0p167_0p167"],"t":17,"s":[74],"e":[99]},{"t":24}],"ix":2},"o":{"a":0,"k":0,"ix":3},"m":1,"ix":2,"nm":"Trim Paths 1","mn":"ADBE Vector Filter - Trim","hd":false}],"ip":0,"op":26,"st":5,"bm":0},{"ddd":0,"ind":36,"ty":3,"nm":"Null 3","parent":42,"sr":1,"ks":{"o":{"a":0,"k":0,"ix":11},"r":{"a":0,"k":180,"ix":10},"p":{"a":0,"k":[0,0,0],"ix":2},"a":{"a":0,"k":[0,0,0],"ix":1},"s":{"a":0,"k":[100,100,100],"ix":6}},"ao":0,"ip":0,"op":26,"st":0,"bm":0},{"ddd":0,"ind":37,"ty":4,"nm":"v 3","parent":38,"sr":1,"ks":{"o":{"a":0,"k":100,"ix":11},"r":{"a":1,"k":[{"i":{"x":[0.833],"y":[0.833]},"o":{"x":[0.167],"y":[0.167]},"n":["0p833_0p833_0p167_0p167"],"t":0,"s":[180],"e":[188]},{"i":{"x":[0.833],"y":[0.833]},"o":{"x":[0.167],"y":[0.167]},"n":["0p833_0p833_0p167_0p167"],"t":5,"s":[188],"e":[225]},{"i":{"x":[0.833],"y":[0.833]},"o":{"x":[0.167],"y":[0.167]},"n":["0p833_0p833_0p167_0p167"],"t":11,"s":[225],"e":[270]},{"t":24}],"ix":10},"p":{"a":0,"k":[0,0,0],"ix":2},"a":{"a":0,"k":[4.5,32.5,0],"ix":1},"s":{"a":0,"k":[363,363,100],"ix":6}},"ao":0,"shapes":[{"ty":"gr","it":[{"d":1,"ty":"el","s":{"a":0,"k":[131,131],"ix":2},"p":{"a":0,"k":[0,0],"ix":3},"nm":"Ellipse Path 1","mn":"ADBE Vector Shape - Ellipse","hd":false},{"ty":"st","c":{"a":0,"k":[1,0.317647058824,0.43137254902,1],"ix":3},"o":{"a":0,"k":100,"ix":4},"w":{"a":0,"k":3,"ix":5},"lc":2,"lj":1,"ml":4,"nm":"Stroke 1","mn":"ADBE Vector Graphic - Stroke","hd":false},{"ty":"tr","p":{"a":0,"k":[4.5,32.5],"ix":2},"a":{"a":0,"k":[0,0],"ix":1},"s":{"a":0,"k":[100,100],"ix":3},"r":{"a":0,"k":0,"ix":6},"o":{"a":0,"k":100,"ix":7},"sk":{"a":0,"k":0,"ix":4},"sa":{"a":0,"k":0,"ix":5},"nm":"Transform"}],"nm":"Ellipse 1","np":3,"cix":2,"ix":1,"mn":"ADBE Vector Group","hd":false},{"ty":"tm","s":{"a":1,"k":[{"i":{"x":[0.833],"y":[0.833]},"o":{"x":[0.167],"y":[0.167]},"n":["0p833_0p833_0p167_0p167"],"t":0,"s":[75],"e":[76]},{"i":{"x":[0.833],"y":[0.833]},"o":{"x":[0.167],"y":[0.167]},"n":["0p833_0p833_0p167_0p167"],"t":11,"s":[76],"e":[100]},{"t":19}],"ix":1},"e":{"a":1,"k":[{"i":{"x":[0.833],"y":[0.833]},"o":{"x":[0.167],"y":[0.167]},"n":["0p833_0p833_0p167_0p167"],"t":17,"s":[74],"e":[99]},{"t":24}],"ix":2},"o":{"a":0,"k":0,"ix":3},"m":1,"ix":2,"nm":"Trim Paths 1","mn":"ADBE Vector Filter - Trim","hd":false}],"ip":0,"op":26,"st":5,"bm":0},{"ddd":0,"ind":38,"ty":3,"nm":"Null 2","parent":42,"sr":1,"ks":{"o":{"a":0,"k":0,"ix":11},"r":{"a":0,"k":90,"ix":10},"p":{"a":0,"k":[0,0,0],"ix":2},"a":{"a":0,"k":[0,0,0],"ix":1},"s":{"a":0,"k":[100,100,100],"ix":6}},"ao":0,"ip":0,"op":26,"st":0,"bm":0},{"ddd":0,"ind":39,"ty":4,"nm":"v 2","parent":40,"sr":1,"ks":{"o":{"a":0,"k":100,"ix":11},"r":{"a":1,"k":[{"i":{"x":[0.833],"y":[0.833]},"o":{"x":[0.167],"y":[0.167]},"n":["0p833_0p833_0p167_0p167"],"t":0,"s":[0],"e":[8]},{"i":{"x":[0.833],"y":[0.833]},"o":{"x":[0.167],"y":[0.167]},"n":["0p833_0p833_0p167_0p167"],"t":5,"s":[8],"e":[45]},{"i":{"x":[0.833],"y":[0.833]},"o":{"x":[0.167],"y":[0.167]},"n":["0p833_0p833_0p167_0p167"],"t":11,"s":[45],"e":[90]},{"t":24}],"ix":10},"p":{"a":0,"k":[0,0,0],"ix":2},"a":{"a":0,"k":[4.5,32.5,0],"ix":1},"s":{"a":0,"k":[363,363,100],"ix":6}},"ao":0,"shapes":[{"ty":"gr","it":[{"d":1,"ty":"el","s":{"a":0,"k":[131,131],"ix":2},"p":{"a":0,"k":[0,0],"ix":3},"nm":"Ellipse Path 1","mn":"ADBE Vector Shape - Ellipse","hd":false},{"ty":"st","c":{"a":0,"k":[1,0.317647058824,0.43137254902,1],"ix":3},"o":{"a":0,"k":100,"ix":4},"w":{"a":0,"k":3,"ix":5},"lc":2,"lj":1,"ml":4,"nm":"Stroke 1","mn":"ADBE Vector Graphic - Stroke","hd":false},{"ty":"tr","p":{"a":0,"k":[4.5,32.5],"ix":2},"a":{"a":0,"k":[0,0],"ix":1},"s":{"a":0,"k":[100,100],"ix":3},"r":{"a":0,"k":0,"ix":6},"o":{"a":0,"k":100,"ix":7},"sk":{"a":0,"k":0,"ix":4},"sa":{"a":0,"k":0,"ix":5},"nm":"Transform"}],"nm":"Ellipse 1","np":3,"cix":2,"ix":1,"mn":"ADBE Vector Group","hd":false},{"ty":"tm","s":{"a":1,"k":[{"i":{"x":[0.833],"y":[0.833]},"o":{"x":[0.167],"y":[0.167]},"n":["0p833_0p833_0p167_0p167"],"t":0,"s":[75],"e":[76]},{"i":{"x":[0.833],"y":[0.833]},"o":{"x":[0.167],"y":[0.167]},"n":["0p833_0p833_0p167_0p167"],"t":11,"s":[76],"e":[100]},{"t":19}],"ix":1},"e":{"a":1,"k":[{"i":{"x":[0.833],"y":[0.833]},"o":{"x":[0.167],"y":[0.167]},"n":["0p833_0p833_0p167_0p167"],"t":17,"s":[74],"e":[99]},{"t":24}],"ix":2},"o":{"a":0,"k":0,"ix":3},"m":1,"ix":2,"nm":"Trim Paths 1","mn":"ADBE Vector Filter - Trim","hd":false}],"ip":0,"op":26,"st":5,"bm":0},{"ddd":0,"ind":40,"ty":3,"nm":"Null 1","parent":42,"sr":1,"ks":{"o":{"a":0,"k":0,"ix":11},"r":{"a":0,"k":180,"ix":10},"p":{"a":0,"k":[0,0,0],"ix":2},"a":{"a":0,"k":[0,0,0],"ix":1},"s":{"a":0,"k":[100,100,100],"ix":6}},"ao":0,"ip":0,"op":26,"st":0,"bm":0},{"ddd":0,"ind":41,"ty":4,"nm":"v","parent":42,"sr":1,"ks":{"o":{"a":0,"k":100,"ix":11},"r":{"a":1,"k":[{"i":{"x":[0.833],"y":[0.833]},"o":{"x":[0.167],"y":[0.167]},"n":["0p833_0p833_0p167_0p167"],"t":0,"s":[0],"e":[8]},{"i":{"x":[0.833],"y":[0.833]},"o":{"x":[0.167],"y":[0.167]},"n":["0p833_0p833_0p167_0p167"],"t":5,"s":[8],"e":[45]},{"i":{"x":[0.833],"y":[0.833]},"o":{"x":[0.167],"y":[0.167]},"n":["0p833_0p833_0p167_0p167"],"t":11,"s":[45],"e":[90]},{"t":24}],"ix":10},"p":{"a":0,"k":[0,0,0],"ix":2},"a":{"a":0,"k":[4.5,32.5,0],"ix":1},"s":{"a":0,"k":[363,363,100],"ix":6}},"ao":0,"shapes":[{"ty":"gr","it":[{"d":1,"ty":"el","s":{"a":0,"k":[131,131],"ix":2},"p":{"a":0,"k":[0,0],"ix":3},"nm":"Ellipse Path 1","mn":"ADBE Vector Shape - Ellipse","hd":false},{"ty":"st","c":{"a":0,"k":[1,0.317647058824,0.43137254902,1],"ix":3},"o":{"a":0,"k":100,"ix":4},"w":{"a":0,"k":3,"ix":5},"lc":2,"lj":1,"ml":4,"nm":"Stroke 1","mn":"ADBE Vector Graphic - Stroke","hd":false},{"ty":"tr","p":{"a":0,"k":[4.5,32.5],"ix":2},"a":{"a":0,"k":[0,0],"ix":1},"s":{"a":0,"k":[100,100],"ix":3},"r":{"a":0,"k":0,"ix":6},"o":{"a":0,"k":100,"ix":7},"sk":{"a":0,"k":0,"ix":4},"sa":{"a":0,"k":0,"ix":5},"nm":"Transform"}],"nm":"Ellipse 1","np":3,"cix":2,"ix":1,"mn":"ADBE Vector Group","hd":false},{"ty":"tm","s":{"a":1,"k":[{"i":{"x":[0.833],"y":[0.833]},"o":{"x":[0.167],"y":[0.167]},"n":["0p833_0p833_0p167_0p167"],"t":0,"s":[75],"e":[76]},{"i":{"x":[0.833],"y":[0.833]},"o":{"x":[0.167],"y":[0.167]},"n":["0p833_0p833_0p167_0p167"],"t":11,"s":[76],"e":[100]},{"t":19}],"ix":1},"e":{"a":1,"k":[{"i":{"x":[0.833],"y":[0.833]},"o":{"x":[0.167],"y":[0.167]},"n":["0p833_0p833_0p167_0p167"],"t":17,"s":[74],"e":[99]},{"t":24}],"ix":2},"o":{"a":0,"k":0,"ix":3},"m":1,"ix":2,"nm":"Trim Paths 1","mn":"ADBE Vector Filter - Trim","hd":false}],"ip":0,"op":26,"st":5,"bm":0},{"ddd":0,"ind":42,"ty":3,"nm":"Null 4","sr":1,"ks":{"o":{"a":0,"k":0,"ix":11},"r":{"a":0,"k":45,"ix":10},"p":{"a":0,"k":[256,256,0],"ix":2},"a":{"a":0,"k":[0,0,0],"ix":1},"s":{"a":0,"k":[100,100,100],"ix":6}},"ao":0,"ip":0,"op":103,"st":0,"bm":0}],"markers":[]}